seed,trial,h_legacy,h_fixed,err0_legacy_deg,err0_fixed_deg
42,0,0.475,0.7666666666666667,3.365587545528634,0.001165339714769898
42,1,1.35,2.55,1.9356372134696282,0.00021722218875215143
42,2,0.08333333333333333,0.10833333333333334,0.8554424460158934,0.003053426167665188
42,3,2.316666666666667,6.208333333333333,1.3186472863755907,0.00023098455879617608
42,4,0.5,0.7666666666666667,3.077054383365155,0.0024136368157601264
42,5,0.7333333333333333,0.8333333333333334,2.123706309530996,0.00013661573622081568
42,6,10.0,10.0,1.8540370390381438,0.00011533910432697152
42,7,10.0,10.0,2.4055223118358904,3.1599998874302004e-05
42,8,0.09166666666666666,0.7666666666666667,0.5668044203114788,4.3521641406593066e-05
42,9,1.3416666666666666,4.916666666666667,0.9779944224916912,0.000456221154919808
42,10,0.20833333333333334,0.5666666666666667,2.01432753322521,0.0006336067855137454
42,11,0.1,0.13333333333333333,2.1252125891045828,0.0015248575354053664
42,12,0.09166666666666666,0.175,0.49240977345514275,0.000255913960171605
42,13,0.425,0.7166666666666667,1.0758556804177313,0.0009173465500170886
42,14,0.11666666666666667,0.8916666666666667,1.7664321317792575,0.0007369049501318539
42,15,0.13333333333333333,0.35,3.8640329104949007,0.0005952799251868082
42,16,10.0,10.0,2.1880185420227476,6.951462840613764e-05
42,17,10.0,10.0,1.6451725660874037,0.0002375385354895632
42,18,0.13333333333333333,0.175,2.21645428724361,0.0011030019350751219
42,19,0.55,0.625,6.580135703276014,0.0021482001751593357
42,20,1.6833333333333333,2.316666666666667,3.978555340558865,0.0005707913801274833
42,21,10.0,10.0,4.8993205225711245,0.00017042264010087456
42,22,0.08333333333333333,0.9666666666666667,2.323713603029514,0.00021216243873136908
42,23,10.0,10.0,1.385815663067149,0.00011654209422161136
42,24,0.25833333333333336,10.0,2.64858478649027,0.00019865471639245942
42,25,0.058333333333333334,0.1,1.3759335977333578,0.00043215974465856755
42,26,10.0,10.0,2.4231446410986943,0.00016269065665509684
42,27,10.0,10.0,1.7692312868401416,0.00016130990932127176
42,28,10.0,10.0,0.7163443774657562,0.0001256969390798344
42,29,0.058333333333333334,0.09166666666666666,1.6203117739436164,0.0017993889494349687
42,30,10.0,10.0,1.0975356885808085,0.00011104008084112684
42,31,10.0,10.0,1.0903404899375777,0.00022203691822993715
42,32,10.0,10.0,1.5263304368633905,0.0001311713454177255
42,33,10.0,10.0,2.5386514673935623,0.0001772031339615414
42,34,0.016666666666666666,0.23333333333333334,5.674356028164029,0.0013605591789077342
42,35,2.3333333333333335,10.0,1.7257131706558309,7.151747431575676e-05
42,36,0.2,0.20833333333333334,0.49749451799522076,0.0007981091516905093
42,37,10.0,10.0,1.5651161224164012,9.103698705802834e-05
42,38,4.033333333333333,10.0,0.42401103606130497,0.0004904599833544146
42,39,10.0,10.0,1.8096017304172267,8.313398904745488e-05
42,40,10.0,10.0,2.2814165297418163,5.127344633474975e-05
42,41,0.30833333333333335,0.35833333333333334,3.8858542108087097,0.0006520265150784494
42,42,0.125,0.2,2.4526660395431445,0.007228997833253499
42,43,10.0,10.0,0.6884727092518104,0.00014420044556217687
42,44,0.35833333333333334,0.4,4.780328242773723,0.003298066622664251
42,45,0.16666666666666666,0.2,2.014953530328095,0.0008144729941791574
42,46,10.0,10.0,0.66925337019734,4.536876670599745e-05
42,47,2.625,4.583333333333333,2.9867153729350218,0.00021673857364625814
42,48,2.0,2.191666666666667,0.2270905418114251,0.0010675835208665118
42,49,0.025,0.3416666666666667,4.635940017395893,0.0010067929046124007
7,0,0.7333333333333333,2.2,3.2420639935387983,0.0007832306011533797
7,1,3.4833333333333334,10.0,1.9695083244647433,0.00023304126552414032
7,2,0.10833333333333334,0.11666666666666667,0.8612196000444422,0.002948765646714361
7,3,1.6333333333333333,1.8333333333333333,1.3011756716369334,0.0005427336770475212
7,4,0.15,0.5,3.1001208419544914,0.001118445970198204
7,5,0.48333333333333334,0.7833333333333333,2.074510906240541,0.00034128741161244873
7,6,10.0,10.0,1.8113516588405953,0.00019137833877473146
7,7,3.825,10.0,2.3571766191948638,0.0002721500050625111
7,8,0.7666666666666667,2.066666666666667,0.6030574419531721,6.896602736810625e-05
7,9,3.158333333333333,6.891666666666667,0.9951340408226682,0.00041043585805993713
7,10,0.23333333333333334,2.191666666666667,2.0469428291127167,0.0002947947483218289
7,11,0.14166666666666666,0.16666666666666666,2.105811455262588,0.0014486828215775913
7,12,0.1,0.18333333333333332,0.5455826569405877,5.809746759375591e-05
7,13,0.4083333333333333,0.7416666666666667,1.049592930472135,0.00029598211428237184
7,14,0.5416666666666666,0.5833333333333334,1.6404860163266617,0.0015253283896958878
7,15,0.35833333333333334,0.9166666666666666,3.8553847087565387,0.0010109544565917055
7,16,10.0,10.0,2.160949806941165,0.0002336962173619614
7,17,0.49166666666666664,10.0,1.6211471787359677,7.854211631565692e-05
7,18,0.125,0.14166666666666666,2.098615300573817,0.0012928463534111327
7,19,0.275,0.875,6.382126740323944,0.0021872788163726713
7,20,4.633333333333334,10.0,3.8595615295240724,0.0002553394426776538
7,21,1.85,3.75,4.738120593870432,0.00012647139557506136
7,22,2.0416666666666665,2.4166666666666665,2.345776305228984,0.0006071853862165511
7,23,10.0,10.0,1.4086224892959474,9.003699873651687e-05
7,24,0.21666666666666667,0.5916666666666667,2.615471028223281,0.0002206187676793798
7,25,0.08333333333333333,0.10833333333333334,1.2744324526142239,0.000949402082239741
7,26,10.0,10.0,2.400643803760083,0.0002560608859111356
7,27,10.0,10.0,1.7716621645831123,0.00014629389361185943
7,28,10.0,10.0,0.6743694214306807,7.738778964712297e-05
7,29,0.11666666666666667,0.1,1.566364564033445,0.0031470553748734445
7,30,0.3333333333333333,4.1,1.1081497758631815,4.985570559130079e-05
7,31,10.0,10.0,1.1190300026561095,4.655680636289037e-05
7,32,10.0,10.0,1.5063748261532064,9.611871195652503e-05
7,33,0.8916666666666667,10.0,2.4862775198793465,0.00018872268452517626
7,34,0.016666666666666666,0.375,6.195373714578237,0.0006045594668453115
7,35,10.0,10.0,1.7907621278753596,0.000762119826957869
7,36,0.19166666666666668,0.5,0.4423261393657745,0.002082889262918175
7,37,10.0,10.0,1.5047813973375026,7.501176970839322e-05
7,38,0.425,2.5,0.3925314944519031,0.0002443956049101572
7,39,0.6583333333333333,10.0,1.8019828113923162,0.00033491625479824423
7,40,10.0,10.0,2.2910935959785452,9.88303754656546e-05
7,41,0.4166666666666667,0.6583333333333333,3.742315817831296,0.0004579196214209731
7,42,0.041666666666666664,0.08333333333333333,2.599833160951686,0.006500159872619817
7,43,10.0,10.0,0.712561766645304,0.00011972600594367188
7,44,0.3416666666666667,0.425,4.603712717130646,0.001271529400226719
7,45,0.225,0.8916666666666667,1.9734502913273273,0.0008766284952171955
7,46,10.0,10.0,0.6708489598027416,3.09005698183551e-05
7,47,10.0,10.0,2.9471659255050278,0.0006068180291883763
7,48,0.9916666666666667,3.3916666666666666,0.22828876192552924,0.0004770355781618475
7,49,0.025,0.35,5.404950325817411,0.003735461494243431
13,0,2.216666666666667,2.475,3.2497617614440166,0.001487533088318404
13,1,10.0,10.0,2.0089915614871274,0.00022588470165023366
13,2,0.21666666666666667,0.23333333333333334,0.9043812883352076,0.0011189297198828684
13,3,1.6166666666666667,1.125,1.363997415628824,0.0005306709874753884
13,4,0.5416666666666666,0.55,3.171517405407063,0.0007646138726932705
13,5,2.2666666666666666,10.0,2.079920396643782,0.0004418928440841449
13,6,10.0,10.0,1.8144293027634397,2.2089247586970092e-05
13,7,10.0,10.0,2.373147750790053,0.00014288666542617605
13,8,0.10833333333333334,1.75,0.5543459039771298,0.00029602951110811336
13,9,8.958333333333334,6.833333333333333,1.003478256411755,0.0005223160563848957
13,10,1.875,2.4583333333333335,2.0407947359111804,0.0006513931083638652
13,11,0.1,0.6,2.1299527631428354,0.001172089181448675
13,12,0.5583333333333333,10.0,0.49742960600978453,0.00021036630172371142
13,13,0.95,2.325,1.0557465973214797,0.00032972510595822576
13,14,0.39166666666666666,0.44166666666666665,1.7390602118484253,0.00032888969724026
13,15,0.36666666666666664,0.8916666666666667,3.773712127205568,0.0007691499147981591
13,16,10.0,10.0,2.146662334555938,0.00022671886999549217
13,17,10.0,10.0,1.6682000145241604,0.00011931222833717358
13,18,0.10833333333333334,0.125,2.1845568314744117,0.0011277877898410525
13,19,1.975,2.308333333333333,6.581374594573877,0.0008318695047573993
13,20,10.0,10.0,3.9110690372792813,0.00044253927710610454
13,21,8.375,10.0,4.892937910054714,0.00011728068728457062
13,22,0.125,0.4,2.3121161465066606,0.0013154838726651434
13,23,10.0,10.0,1.3993694545981206,8.904668603517822e-05
13,24,10.0,10.0,2.6654228863915703,0.00014057533653388517
13,25,0.1,0.10833333333333334,1.1418883338545194,0.0006071033291080912
13,26,10.0,10.0,2.4879099596684604,0.00018607313046850612
13,27,10.0,10.0,1.8097323976097732,0.00010894462906529964
13,28,10.0,10.0,0.7084115862244407,0.0001017715372902735
13,29,0.15833333333333333,0.14166666666666666,1.7192284587813487,0.0008014458460646141
13,30,10.0,10.0,1.0754941251566232,0.0001346339508027203
13,31,10.0,10.0,1.1247071492492882,0.0001977407768458701
13,32,10.0,10.0,1.5481215669405495,0.00018587289687364307
13,33,10.0,10.0,2.470607736179036,9.96761637087737e-05
13,34,0.275,0.26666666666666666,5.267110009084032,0.0036459002909266366
13,35,3.933333333333333,8.9,1.8011019891898021,0.000536603148418912
13,36,0.18333333333333332,0.19166666666666668,0.384421682674301,0.0013874576778482664
13,37,2.7583333333333333,10.0,1.518890943205044,0.0001322273656977689
13,38,3.441666666666667,10.0,0.43891804081198266,0.00017710940623916262
13,39,10.0,10.0,1.8807816294687663,0.00023798844169622762
13,40,10.0,10.0,2.2964277017911456,0.00018005156636430572
13,41,1.6166666666666667,1.6416666666666666,3.8799454526735055,0.0005021164185749583
13,42,0.225,0.19166666666666668,2.9914558077143045,0.0016762130394592349
13,43,10.0,10.0,0.7201871131079192,0.00010807355334534874
13,44,0.7083333333333334,0.6916666666666667,4.830770955314957,0.0019662993628988697
13,45,0.15833333333333333,1.55,1.9424516515481838,0.0007428893069429766
13,46,10.0,10.0,0.6714574289192402,0.00010239051979625309
13,47,10.0,10.0,2.9644263434823728,0.0002646628805842235
13,48,1.3083333333333333,1.325,0.26576825286463035,0.0007040352477237743
13,49,0.4,0.43333333333333335,4.7341439297161765,0.0021071098865141345
21,0,1.0416666666666667,3.1,3.231397573233121,0.0008739402624156508
21,1,10.0,10.0,1.9769086704980792,0.00011077526117039335
21,2,0.06666666666666667,0.09166666666666666,0.8262920702102683,0.0024965528752138883
21,3,3.25,4.15,1.3088425043045222,4.445278544638725e-05
21,4,0.14166666666666666,0.4083333333333333,3.0722400841277953,0.0011457197375799564
21,5,0.44166666666666665,1.175,2.0978134980147662,5.939845140065971e-05
21,6,3.033333333333333,10.0,1.833153823442817,0.00027695695881147913
21,7,10.0,10.0,2.4206820214519884,0.00024137413051882249
21,8,0.48333333333333334,1.3833333333333333,0.5992178469684297,0.00019830502501765366
21,9,10.0,10.0,1.0325233273804473,0.00030211783458364413
21,10,0.4583333333333333,1.7666666666666666,2.0324024049783875,0.00026316467484423554
21,11,0.175,0.20833333333333334,1.9689361102729164,0.003044696901350031
21,12,0.10833333333333334,0.55,0.5501766367740474,0.00023791989093935981
21,13,0.4583333333333333,0.75,1.0334483150562832,0.00032352900110314825
21,14,0.11666666666666667,0.16666666666666666,1.6761315054212214,0.00025389394637520237
21,15,0.10833333333333334,0.6166666666666667,3.789067856567878,0.0038820940972473334
21,16,10.0,10.0,2.185271680430948,7.032701860157919e-06
21,17,10.0,10.0,1.6745934852709683,0.0002860675370551822
21,18,0.125,0.16666666666666666,2.1792131808869253,0.0009781437336354854
21,19,0.625,0.9083333333333333,6.486296235794273,0.0024692559613628024
21,20,2.25,4.341666666666667,3.870557337083251,0.0005627597882341788
21,21,1.5333333333333334,3.441666666666667,4.800516793318379,0.00013160565909709556
21,22,0.1,0.7583333333333333,2.3726543521268333,0.001289577469313465
21,23,10.0,10.0,1.3982017890774425,0.00010695112295673355
21,24,0.6666666666666666,6.258333333333334,2.560909124456784,1.8715416832919323e-05
21,25,0.13333333333333333,0.13333333333333333,1.219585176760533,0.0008638556034146475
21,26,10.0,10.0,2.432597834979285,0.00015355302565288456
21,27,10.0,10.0,1.780051356127855,0.00029495889807437854
21,28,10.0,10.0,0.7049320046113584,9.12039369597131e-05
21,29,0.08333333333333333,0.175,1.691565101456515,0.0031276302542787653
21,30,10.0,10.0,1.0987280999269138,8.521490202001947e-05
21,31,9.241666666666667,10.0,1.0940543160678824,0.00020974670973326323
21,32,10.0,10.0,1.5350563818403606,0.00019927561488538025
21,33,10.0,10.0,2.46835994689096,0.000212711101603021
21,34,0.2,0.20833333333333334,5.112491507890737,0.0023510220373330025
21,35,10.0,10.0,1.7389043452947122,0.0004963822391392364
21,36,0.06666666666666667,0.11666666666666667,0.519440739781746,0.0017029751558121523
21,37,1.6416666666666666,6.833333333333333,1.5406338402888813,0.00017327615544654522
21,38,0.9583333333333334,2.2083333333333335,0.4341729582857355,0.0001768984029543765
21,39,10.0,10.0,1.8513779879955101,0.000669760263420956
21,40,10.0,10.0,2.2904309157381113,0.000509189668368545
21,41,0.7,0.44166666666666665,3.9154570018186945,0.0007624757951529927
21,42,0.09166666666666666,0.1,2.372484784026699,0.001241851660633114
21,43,0.5166666666666667,10.0,0.7059804979786359,0.00016254771819143338
21,44,0.7083333333333334,0.7,4.7003160339340875,0.0024772633961315602
21,45,0.24166666666666667,0.5083333333333333,1.9692219244075944,0.0006670997620525265
21,46,10.0,10.0,0.6681852604198022,0.0001147912807991263
21,47,3.466666666666667,6.875,2.9826952035031202,0.00021338142048994913
21,48,1.6666666666666667,3.8916666666666666,0.24974535472987,0.0005867177984911438
21,49,0.2916666666666667,0.2916666666666667,5.006084193628399,0.006133943569870688
100,0,1.95,2.216666666666667,3.1801468423843193,0.0011827508695562389
100,1,7.233333333333333,10.0,1.982979404998625,0.00019822629522552878
100,2,0.1,0.11666666666666667,0.7745974446751394,0.002625520690234903
100,3,2.033333333333333,3.25,1.3128105707222477,0.0007279914553185754
100,4,0.675,1.0333333333333334,3.0956047424093316,0.0008844958340167886
100,5,0.058333333333333334,2.5833333333333335,2.0507498402022475,0.00033358005130842494
100,6,10.0,10.0,1.7889245350395915,7.011316200349059e-05
100,7,10.0,10.0,2.333011735815656,7.838447429925337e-05
100,8,0.15,1.0666666666666667,0.5611823185219399,0.00035267676298243386
100,9,1.1583333333333334,8.691666666666666,1.0201730256294226,0.0005281894314025068
100,10,0.225,2.091666666666667,2.083479946494256,0.0003553339582759373
100,11,0.15,0.8333333333333334,1.8736908135361632,0.0006511827927431342
100,12,0.5333333333333333,1.325,0.5062907701141269,0.00010115809771123322
100,13,0.175,1.25,1.1013849650502159,0.00028493231864704007
100,14,0.058333333333333334,0.15833333333333333,1.7345630835819075,0.0010711675689855948
100,15,0.13333333333333333,0.6333333333333333,3.525861505738049,0.0007429157455245002
100,16,8.016666666666667,10.0,2.1367228771763593,0.000572293477034091
100,17,10.0,10.0,1.6568127799120032,0.000204566646208956
100,18,0.48333333333333334,0.48333333333333334,2.095581777640558,0.0014060153542412288
100,19,0.625,0.925,6.409007823296446,0.0019136854278426383
100,20,10.0,8.683333333333334,3.842892953034523,0.0005730855715753973
100,21,10.0,10.0,4.764277411194763,0.00024384843660065785
100,22,0.4583333333333333,0.9583333333333334,2.2433863181098395,0.0023555995602949917
100,23,10.0,10.0,1.3759963873699708,5.425768068914656e-05
100,24,10.0,10.0,2.6521101552403388,9.111162579636143e-05
100,25,0.14166666666666666,0.09166666666666666,1.1858390309984868,0.0017926483205806432
100,26,10.0,10.0,2.431297634703917,0.00016110931952711168
100,27,10.0,10.0,1.7326874748165795,0.00030909100368139254
100,28,10.0,10.0,0.7014390352939749,7.314417505318013e-05
100,29,0.06666666666666667,0.1,1.5284785275517618,0.0030910441918448246
100,30,10.0,10.0,1.0886602177092026,0.00010718795208009121
100,31,10.0,10.0,1.0973636961393816,0.0002145175216825502
100,32,10.0,10.0,1.5165587347355969,9.677989088526709e-05
100,33,10.0,10.0,2.4630845137022273,0.00010967865549828333
100,34,0.016666666666666666,0.15,5.592566535495553,0.0063858119661656795
100,35,0.975,1.7833333333333334,1.7615175615697996,0.0005356481435236987
100,36,0.041666666666666664,0.10833333333333334,0.5583346627995958,0.002811955858799235
100,37,10.0,10.0,1.5572769369268118,0.00014732154972173277
100,38,0.7333333333333333,4.358333333333333,0.41816671032462494,0.00023321141080322896
100,39,10.0,10.0,1.8579804130265256,0.0003399871543590081
100,40,10.0,10.0,2.2721612184278315,8.306298395528684e-05
100,41,0.31666666666666665,0.35,4.029068641660327,0.0012080191626669488
100,42,0.041666666666666664,0.14166666666666666,2.888258608182325,0.004313627661103528
100,43,2.1166666666666667,6.208333333333333,0.7099980329067088,4.274411166352383e-05
100,44,0.9333333333333333,0.95,4.574450840567334,0.0033055646900776448
100,45,0.525,0.5583333333333333,1.9876787172174908,0.0007582637176994684
100,46,10.0,10.0,0.6441782179989215,0.0001494502664752152
100,47,10.0,10.0,2.8938196305631756,0.00012933736016648804
100,48,1.9833333333333334,1.0166666666666666,0.22416479889673463,0.0009482511830392163
100,49,0.16666666666666666,0.24166666666666667,4.918968957637854,0.001197728123690918
1,0,0.15833333333333333,0.21666666666666667,3.22523491135495,0.0011486870977113271
1,1,0.325,4.075,1.9746308558988537,0.000332819933740938
1,2,0.11666666666666667,0.15833333333333333,1.0453441610531455,0.0019272353670628914
1,3,0.5833333333333334,1.825,1.3365433829658033,0.0003577960022249747
1,4,0.175,0.18333333333333332,3.005144535179373,0.0013056876856953222
1,5,0.425,0.8166666666666667,2.041634867214783,6.0375368085334934e-05
1,6,10.0,10.0,1.8131972808425934,6.377335236946408e-05
1,7,10.0,10.0,2.33198864172245,0.00021517667577905744
1,8,0.10833333333333334,0.375,0.5767453677150063,0.00033077351057949033
1,9,0.7666666666666667,3.2,1.0114860697558157,0.00011671209810047256
1,10,0.19166666666666668,0.26666666666666666,2.0689651117325183,8.99932749195176e-05
1,11,0.11666666666666667,0.31666666666666665,1.859991850260661,0.0028636664491580024
1,12,0.10833333333333334,0.43333333333333335,0.5039606930919154,0.0002083463070555397
1,13,0.325,0.375,1.062326194417068,0.00034629878826985237
1,14,0.09166666666666666,0.14166666666666666,1.7412623260371358,0.0009528435277388357
1,15,0.1,0.2833333333333333,3.5055095310768536,0.0017882829643085054
1,16,10.0,10.0,2.146456125144517,2.797120747503263e-05
1,17,10.0,10.0,1.6771405273993585,0.00020666756470734299
1,18,0.08333333333333333,0.15833333333333333,2.2350728456167173,0.0009005096675818037
1,19,0.2833333333333333,0.875,6.295394428091267,0.0017373205009213527
1,20,0.23333333333333334,0.8416666666666667,3.948855494790957,0.0006276111549009242
1,21,0.2833333333333333,0.875,4.753684741822407,0.00017928386152265906
1,22,0.125,0.35833333333333334,2.357276688931257,0.0019077588936788322
1,23,10.0,10.0,1.383419366713284,0.00021687615415636347
1,24,10.0,10.0,2.5975943877339938,0.00022833496078481012
1,25,0.08333333333333333,0.13333333333333333,1.14067173738378,0.0016825928696523721
1,26,3.908333333333333,10.0,2.463513132618739,5.437117421428513e-05
1,27,10.0,10.0,1.7366225290728308,0.0001310358987075788
1,28,10.0,10.0,0.7017594654184943,3.496116453524473e-05
1,29,0.09166666666666666,0.125,1.536693759287538,0.004099696650055054
1,30,10.0,10.0,1.0918377937502712,6.453181771902111e-05
1,31,10.0,10.0,1.0698277585368439,0.0001774547056765586
1,32,10.0,10.0,1.5326355143538888,7.367050321889554e-05
1,33,10.0,10.0,2.50174992236403,0.00017090393767671064
1,34,0.016666666666666666,0.375,6.251138276575135,0.0020483291012209385
1,35,1.0583333333333333,3.8916666666666666,1.7301661617890645,0.00044273163633947246
1,36,0.075,0.125,0.48393141365328607,0.00042721438030814894
1,37,1.425,10.0,1.549119705546797,0.00012127255599817942
1,38,0.075,0.6666666666666666,0.41817800625483037,0.0001153322319564116
1,39,10.0,10.0,1.8361076889556915,0.0006498380025099106
1,40,1.075,10.0,2.254906258022251,3.65841845595401e-05
1,41,0.31666666666666665,0.3416666666666667,4.0747622498567155,0.0011878840383142467
1,42,0.1,0.1,2.8429313644417937,0.006977064158574974
1,43,0.31666666666666665,0.85,0.7179511027980755,0.00015604649950151024
1,44,0.2,0.2,4.443541697665414,0.002955320392784705
1,45,0.1,0.20833333333333334,2.000223711779734,0.00046936060880958634
1,46,10.0,10.0,0.6613520736081581,4.1723672327336504e-05
1,47,0.6083333333333333,5.158333333333333,2.9628625537492566,0.000100415628797891
1,48,0.325,0.55,0.23685332203086795,0.0007873154405893173
1,49,0.225,0.3,5.307363055663338,0.003692794785420002
2,0,0.24166666666666667,0.775,3.342522002052729,0.0005490125708757253
2,1,10.0,10.0,2.0390186958370147,6.294764699818145e-05
2,2,0.15,0.175,0.8629780257120213,0.001961101196794191
2,3,2.7916666666666665,3.6166666666666667,1.3326818555982378,0.00016909075273645557
2,4,0.10833333333333334,0.36666666666666664,3.0532954787420525,0.00127595853209152
2,5,0.4583333333333333,0.7166666666666667,2.1705001432202193,6.330602085822774e-05
2,6,10.0,10.0,1.8708618661829575,7.07742934644728e-05
2,7,4.25,10.0,2.4424650423442884,8.332752282242097e-05
2,8,0.11666666666666667,0.7416666666666667,0.5935201777117184,0.0002120555318779957
2,9,7.791666666666667,7.141666666666667,0.9698788614471187,0.0005710165711736165
2,10,0.18333333333333332,0.8916666666666667,2.0115716680715674,0.00017637470019585554
2,11,0.18333333333333332,0.5333333333333333,1.9239332591621199,0.0011372443227576142
2,12,0.5333333333333333,1.325,0.5222184279460841,0.0002727559071597008
2,13,0.18333333333333332,0.7416666666666667,1.0761866234483592,0.0011270019814863118
2,14,0.11666666666666667,0.43333333333333335,1.669647984478128,0.0007161843889185575
2,15,0.6,0.5666666666666667,3.6906547173101143,0.0010799745838764017
2,16,10.0,10.0,2.2114257972216005,0.0002715763599582541
2,17,10.0,10.0,1.620960462765709,0.0001416692923168349
2,18,0.18333333333333332,0.18333333333333332,2.131759147106206,0.0006327708548723454
2,19,0.25833333333333336,0.625,6.436182531857855,0.002090626793095244
2,20,1.1083333333333334,2.2583333333333333,3.8772855094355574,0.00046713669665066467
2,21,1.7916666666666667,10.0,4.766571661601186,0.00012568715440107098
2,22,0.09166666666666666,0.95,2.289660610726109,0.0008557191428142902
2,23,10.0,10.0,1.430117474710254,0.00018992706981705275
2,24,0.10833333333333334,0.9,2.6325747312468253,0.000146363801675749
2,25,0.11666666666666667,0.13333333333333333,1.236578525090787,0.0033671455277734263
2,26,10.0,10.0,2.3918371344395246,0.00017670285183309342
2,27,10.0,10.0,1.794163037684943,0.0002394241557398996
2,28,10.0,10.0,0.7071204537602515,2.7582359481862566e-05
2,29,0.05,0.08333333333333333,1.6969450761214857,0.0025046171044447348
2,30,10.0,10.0,1.084944063947914,0.00011506714832191442
2,31,8.116666666666667,10.0,1.1012695248065316,6.67727734736944e-05
2,32,10.0,10.0,1.5328112586446478,0.00010345562678865789
2,33,10.0,10.0,2.4887306513272462,6.47898685757525e-05
2,34,0.08333333333333333,0.15833333333333333,5.1341407473757945,0.002968883608200778
2,35,3.691666666666667,9.866666666666667,1.7297372317002018,0.0002924542379470031
2,36,0.5333333333333333,0.575,0.40664115848528315,0.000924437073068161
2,37,0.8083333333333333,2.7333333333333334,1.4668608282855407,0.00015666345020124705
2,38,0.9833333333333333,2.1166666666666667,0.4363120003858268,0.0002826944762187159
2,39,1.15,10.0,1.8574265651039952,0.00011286553151534995
2,40,10.0,10.0,2.3079895119796356,0.00031120798408586426
2,41,0.325,0.7,3.750347863264858,0.0009339289836430274
2,42,0.08333333333333333,0.24166666666666667,2.335529619377687,0.0035875007521426415
2,43,10.0,10.0,0.7128798556148415,4.738458996487581e-05
2,44,0.31666666666666665,0.425,4.603480344132547,0.001961637063537085
2,45,0.14166666666666666,0.225,1.9712302117549065,0.0007571774518950864
2,46,10.0,10.0,0.672091808744615,4.031994107130687e-05
2,47,10.0,10.0,3.02626648504305,0.000422542798117758
2,48,0.5833333333333334,0.8166666666666667,0.22550783830398552,0.0004374648941041705
2,49,0.19166666666666668,0.36666666666666664,5.056026245296897,0.002627849247406531
3,0,0.11666666666666667,0.2,3.2782283538461363,0.0007234491362120089
3,1,0.3,10.0,1.9895669347866163,0.00016572174370118087
3,2,0.06666666666666667,0.08333333333333333,0.6753180319893252,0.00245965662313167
3,3,0.4,1.7833333333333334,1.3451305305060732,0.0008446048699698994
3,4,0.16666666666666666,0.725,3.129220998910467,0.0032324033579278102
3,5,0.3416666666666667,0.43333333333333335,2.0047752686686633,0.0002137444926816871
3,6,10.0,10.0,1.8361017735330503,6.70747539982093e-05
3,7,10.0,10.0,2.3856273021991328,0.00017024638343825728
3,8,0.36666666666666664,0.4083333333333333,0.5983657832779576,0.0003196969362471581
3,9,3.375,3.8583333333333334,0.9828847526614455,0.00012449416732635297
3,10,0.09166666666666666,0.19166666666666668,2.048979988731128,0.00032925137479631125
3,11,0.35833333333333334,0.44166666666666665,1.9623975370465767,0.0005932563385267092
3,12,0.125,0.9,0.5122863946961537,8.124100657962082e-05
3,13,0.15833333333333333,0.39166666666666666,1.089494044100118,0.0013899234037373185
3,14,0.16666666666666666,0.49166666666666664,1.710710114217978,0.0004227999032750879
3,15,0.10833333333333334,0.15,3.866667531214885,0.0029563215913880206
3,16,10.0,10.0,2.168615892444701,0.0006441454812125732
3,17,10.0,10.0,1.6788310495709542,0.00012145776250634206
3,18,0.09166666666666666,0.13333333333333333,2.152643295125143,0.002140572393880484
3,19,0.175,0.25,6.455277327901332,0.0007930766130126996
3,20,0.475,0.525,3.9677640716336757,0.0010506600612271357
3,21,0.16666666666666666,0.24166666666666667,4.817921284216977,0.0001672255147133064
3,22,0.38333333333333336,0.38333333333333336,2.366930170101911,0.00023416811018586674
3,23,10.0,10.0,1.4183732417868,0.00011813636883215034
3,24,0.275,2.1166666666666667,2.608530622590767,0.00020684669875928265
3,25,0.13333333333333333,0.125,1.2623903972533383,0.002264350221727671
3,26,10.0,10.0,2.434427626799599,0.00010284616963338687
3,27,10.0,10.0,1.8159524933859448,0.00013393627106842395
3,28,10.0,10.0,0.6967835960356744,0.00011179155988477548
3,29,0.075,0.11666666666666667,1.4591129650091215,0.001363927937917213
3,30,10.0,10.0,1.0683143118266862,7.387024117867571e-05
3,31,10.0,10.0,1.1462454532843906,0.00014794692743558702
3,32,10.0,10.0,1.535519202919923,9.348114780988476e-05
3,33,10.0,10.0,2.491137672670018,9.726710386868193e-05
3,34,0.016666666666666666,0.20833333333333334,5.498351308274113,0.0008536785364104144
3,35,2.325,2.375,1.754165421026251,0.00039993791631889294
3,36,0.08333333333333333,0.125,0.4749951142935534,0.0017903562825654499
3,37,1.6666666666666667,10.0,1.495328711483538,0.00028200218571364883
3,38,0.05,0.6416666666666667,0.37378776042052625,0.0004680630536470168
3,39,10.0,10.0,1.891690685005362,0.00032270807422231856
3,40,10.0,10.0,2.2665041959294436,6.43858155457048e-05
3,41,0.3333333333333333,0.38333333333333336,3.827357157444968,0.0006322019745472786
3,42,0.10833333333333334,0.14166666666666666,1.5555769259538363,0.0038060684751450935
3,43,0.30833333333333335,2.8333333333333335,0.6977915387742102,2.7951731638554632e-05
3,44,0.15,0.19166666666666668,4.543246811404616,0.0007771212781773364
3,45,0.10833333333333334,0.16666666666666666,1.9241875006910347,0.0005799928682289774
3,46,10.0,10.0,0.6788063290284497,5.996737443503791e-05
3,47,0.575,0.9,2.99743737711072,0.00025052596007558265
3,48,1.25,0.8083333333333333,0.19036114540134583,0.00047852474716904064
3,49,0.30833333333333335,0.30833333333333335,4.812862037785444,0.005216259968177495
5,0,0.18333333333333332,0.8083333333333333,3.302634530857033,0.0005002825709832477
5,1,0.6666666666666666,10.0,1.9560588492545536,3.2720293964574334e-05
5,2,0.06666666666666667,0.08333333333333333,0.8547165294609808,0.003443871270213498
5,3,1.2583333333333333,1.6416666666666666,1.2968191345727378,0.0006097675071019136
5,4,0.49166666666666664,0.5,3.063987011147139,0.0004861221980659871
5,5,0.425,1.075,2.0863763259044275,0.0002579612261326331
5,6,10.0,10.0,1.828225978481827,9.034084487261671e-05
5,7,10.0,10.0,2.3386268871617015,0.00013953584406619605
5,8,0.15,1.0166666666666666,0.5761799500368153,0.0004737010282299741
5,9,1.7166666666666666,1.9583333333333333,0.9801221073594215,0.00022040732087330795
5,10,0.14166666666666666,0.8833333333333333,2.091225954561195,6.942955834478304e-05
5,11,0.15,0.19166666666666668,2.019331022097902,0.0017947565416072558
5,12,0.48333333333333334,0.55,0.5056344048127357,8.000340691864843e-05
5,13,0.7333333333333333,0.44166666666666665,1.0789144144082465,0.0002500781733989101
5,14,0.49166666666666664,0.5416666666666666,1.6462348880079611,0.0019229389658686805
5,15,0.13333333333333333,0.65,3.852766767308799,0.001556654957506178
5,16,4.183333333333334,10.0,2.1539991646804286,0.00043835479159821
5,17,10.0,10.0,1.6316076815818026,0.0003723144834133762
5,18,0.09166666666666666,0.175,2.1086577069224974,0.0018206347604131081
5,19,0.9083333333333333,1.625,6.336611182014746,0.0010071529711303407
5,20,6.033333333333333,5.191666666666666,3.8670810288873403,0.0006784727915416345
5,21,3.433333333333333,10.0,4.739245328849949,0.0005478185948046031
5,22,0.4166666666666667,0.6583333333333333,2.3114383337843383,0.0018334862244052594
5,23,10.0,10.0,1.4131878365874864,6.508903103502683e-05
5,24,2.8583333333333334,10.0,2.6251307648847777,0.00012302221687696398
5,25,0.058333333333333334,0.08333333333333333,1.0001823864303596,0.0019350139804459826
5,26,9.7,10.0,2.3891945339883516,8.873220762895012e-05
5,27,10.0,10.0,1.7630243606198353,0.0002398653478200179
5,28,10.0,10.0,0.689767580401431,7.390306407474544e-05
5,29,0.08333333333333333,0.10833333333333334,1.6406258215458482,0.0016922328147034051
5,30,10.0,10.0,1.132476725936655,5.4071460423221506e-05
5,31,10.0,10.0,1.0705974031793828,4.304640100083913e-05
5,32,10.0,10.0,1.500810868442578,0.00012077019801830985
5,33,10.0,10.0,2.4955193520206356,0.00018713931026713505
5,34,0.016666666666666666,0.13333333333333333,5.33290771909344,0.0023521087653304664
5,35,1.2083333333333333,1.7416666666666667,1.7665278802187256,0.00020583634422238024
5,36,0.06666666666666667,0.1,0.46032169183724814,0.0013345822079769418
5,37,10.0,10.0,1.4993254850375992,0.0003665877857683887
5,38,1.025,10.0,0.4161884507114588,0.00023616366590048168
5,39,10.0,10.0,1.8299098529539926,0.0005440976624786415
5,40,10.0,10.0,2.26655525823955,0.0002814558433878023
5,41,0.8166666666666667,1.55,3.812389695182565,0.0009693963786111447
5,42,0.14166666666666666,0.175,2.5284841005788903,0.00552173949851588
5,43,10.0,10.0,0.6540509350611001,0.0003711500195693448
5,44,0.18333333333333332,0.43333333333333335,4.5829041098763135,0.001959999315822027
5,45,0.125,0.19166666666666668,1.9670668143547843,0.0003899415628196924
5,46,10.0,10.0,0.6625131291992603,9.955822439949273e-05
5,47,9.708333333333334,10.0,2.9311872820090716,0.0002688492877603674
5,48,0.5583333333333333,0.5916666666666667,0.2272348810283897,0.0005171743300633172
5,49,0.425,0.38333333333333336,4.903773336351396,0.003043491690243701
8,0,1.5833333333333333,2.158333333333333,3.146892790946285,0.0010841585341252178
8,1,0.125,10.0,1.982519850607251,3.973571113955241e-05
8,2,0.14166666666666666,0.13333333333333333,0.9380252343009337,0.0022437000218683864
8,3,0.5,1.3166666666666667,1.3649387901397194,0.00019827501471274847
8,4,0.55,0.9,3.219775032316292,0.002171795638261935
8,5,0.08333333333333333,2.2416666666666667,1.9952086475346056,0.0005072251298343414
8,6,3.5,10.0,1.8594073442767725,4.101877878736078e-05
8,7,10.0,10.0,2.3640330311197784,0.00021956417242060633
8,8,0.2,2.091666666666667,0.562602159997594,2.7411363909299727e-05
8,9,1.3416666666666666,5.041666666666667,1.0017274584287394,0.00019603512314345114
8,10,1.15,2.3916666666666666,2.0476502646647705,0.0003661113430940464
8,11,0.2,1.7583333333333333,2.0833925162513482,0.0009479131074636366
8,12,0.14166666666666666,0.9083333333333333,0.5134943831536262,4.200011454928027e-05
8,13,0.15833333333333333,2.0833333333333335,1.0846531481260495,0.0003689463382337415
8,14,0.058333333333333334,0.375,1.6282266637206364,0.00046315094635903065
8,15,0.21666666666666667,0.30833333333333335,3.5404853504822316,0.001266065319103494
8,16,7.825,10.0,2.1691117421160513,0.0003287676733621517
8,17,10.0,10.0,1.671005169898691,2.9204218148852857e-05
8,18,0.4166666666666667,0.4666666666666667,2.0690615508069885,0.0011338852161920498
8,19,0.3,1.4916666666666667,6.396701945439712,0.0026162446529109248
8,20,3.191666666666667,4.35,3.8570295443394946,0.0005672960190641906
8,21,4.341666666666667,10.0,4.898082649467213,0.0004255933574895532
8,22,0.425,1.9416666666666667,2.2828937893509713,0.0018350627222306684
8,23,10.0,10.0,1.4140212258936642,0.00012141025727690329
8,24,1.0583333333333333,6.266666666666667,2.61170698588043,7.745262383592618e-05
8,25,0.11666666666666667,0.11666666666666667,1.2040734534567101,0.0006628972276563577
8,26,4.1,6.166666666666667,2.4519414981389422,9.786556571921209e-05
8,27,10.0,10.0,1.793359089058461,0.00014495079526377657
8,28,10.0,10.0,0.6867270503271224,0.00012672679529826113
8,29,0.15833333333333333,0.13333333333333333,1.465882420251697,0.0006622063647760822
8,30,10.0,10.0,1.094778636156126,1.4096167542099857e-05
8,31,3.825,10.0,1.0972257727390102,0.00020212136487174999
8,32,10.0,10.0,1.5364106922471406,0.0001706847582236158
8,33,10.0,10.0,2.4889634189177205,0.00017363836969695108
8,34,0.2916666666666667,0.31666666666666665,4.962041200060801,0.002205791721107792
8,35,1.85,2.75,1.7223611102467866,0.0003481560248694383
8,36,0.14166666666666666,0.15,0.4431640794977962,0.002270467432011011
8,37,1.2166666666666666,3.808333333333333,1.5080300138426808,0.00017606088994586317
8,38,10.0,10.0,0.44635881346723955,0.00018572990024132003
8,39,10.0,10.0,1.8361256533518862,0.0002912163730173037
8,40,10.0,10.0,2.2706612605246694,0.00014224126607916733
8,41,0.425,0.4166666666666667,3.828867258457676,0.0013210880757636855
8,42,0.06666666666666667,0.1,2.5287570639204207,0.003369766780024471
8,43,2.075,4.116666666666666,0.6992389969522249,0.00014217799147871445
8,44,0.39166666666666666,0.39166666666666666,4.295691704788373,0.0022848978611712477
8,45,0.44166666666666665,1.2333333333333334,1.937015954192017,0.0003533962086196834
8,46,10.0,10.0,0.6686493557718081,5.901304260546415e-05
8,47,4.891666666666667,10.0,3.0427466498612317,0.00015821793571597922
8,48,0.7666666666666667,0.65,0.23871561006588038,0.0005451906768240384
8,49,0.19166666666666668,0.275,4.534280338931726,0.0025240239237899276
