protocol,level_deg,rep,delta_th1_deg,delta_th2_deg,horizon_s,censored,s0_err_seen_by_model_deg,traj_drift_at_t20_th1_deg,traj_drift_at_t20_th2_deg,ref_horizon_s
old,0.1,0,0.030471707975443137,-0.10399841062404956,2.2333333333333334,0,0.0,9.21824129409382,17.797197422489393,5.841666666666667
old,0.1,1,0.07504511958064573,0.0940564716391214,5.583333333333333,0,0.0,3.495917688498354,7.114078076720755,5.841666666666667
old,0.1,2,-0.19510351886538366,-0.13021795068623182,6.441666666666666,0,0.0,0.29181045410019757,0.209047958733128,5.841666666666667
old,0.1,3,0.012784040316728537,-0.03162425923435822,5.841666666666667,0,0.0,3.11306521610895,6.225752848464495,5.841666666666667
old,0.1,4,-0.0016801157504288797,-0.08530439275735802,3.9166666666666665,0,0.0,6.375656987807281,12.381870466036663,5.841666666666667
old,0.1,5,0.08793979748628286,0.07777919354289484,5.833333333333333,0,0.0,1.7391691824078352,3.2713453580315184,5.841666666666667
old,0.1,6,0.006603069756121605,0.11272412069680329,4.65,0,0.0,6.590879256568756,14.627582647770941,5.841666666666667
old,0.1,7,0.046750934225204564,-0.08592924628832382,2.2416666666666667,0,0.0,8.802909581371244,17.09914628470601,5.841666666666667
old,0.1,8,0.036875078408249884,-0.0958882600828999,2.2416666666666667,0,0.0,8.990552060504323,17.404331234331543,5.841666666666667
old,0.1,9,0.08784503013072725,-0.00499259109862529,5.6,0,0.0,5.001927789972348,10.145230034082006,5.841666666666667
old,0.1,10,-0.018486236354526057,-0.06809295444039414,5.841666666666667,0,0.0,4.2777233027250725,8.342572195719294,5.841666666666667
old,0.1,11,0.12225413386740303,-0.015452948206880215,2.775,0,0.0,7.636318322263174,15.238968135129705,5.841666666666667
old,0.1,12,-0.042832782216310726,-0.03521335504882296,5.85,0,0.0,0.581706016283955,1.0086470478765182,5.841666666666667
old,0.1,13,0.05323091855533488,0.036544406436407835,5.841666666666667,0,0.0,0.2073821648119393,0.2187491622959893,5.841666666666667
old,0.1,14,0.04127326115959884,0.043082100300788274,5.833333333333333,0,0.0,1.3039442038756597,2.53149918912292,5.841666666666667
old,0.1,15,0.21416476008704613,-0.04064150163846156,3.933333333333333,0,0.0,13.605431626133958,26.604749375060923,5.841666666666667
old,0.1,16,-0.051224272907153735,-0.08137727282478778,5.841666666666667,0,0.0,3.613133650464653,6.934164689399217,5.841666666666667
old,0.1,17,0.06159794225754957,0.11289722927208917,5.283333333333333,0,0.0,5.141359836189679,10.902664791207945,5.841666666666667
old,0.1,18,-0.011394745765487508,-0.0840156476962528,5.05,0,0.0,5.798060790150087,11.256134167023836,5.841666666666667
old,0.1,19,-0.08244812156912396,0.06505927878247011,4.65,0,0.0,6.7008544036797995,15.29888454530908,5.841666666666667
old,0.5,0,0.37162708560172114,0.2715771341525975,5.316666666666666,0,0.0,3.4926862284222686,6.091739265038392,5.841666666666667
old,0.5,1,-0.33275485364434715,0.11608066153335989,3.816666666666667,0,0.0,8.2678682955702,21.595493210653636,5.841666666666667
old,0.5,2,0.05834290457036411,0.10934429836450647,5.283333333333333,0,0.0,5.051894654872881,10.706733262711177,5.841666666666667
old,0.5,3,0.4357143889740949,0.11179777438734113,3.95,0,0.0,14.290599401696927,28.735895020285785,5.841666666666667
old,0.5,4,0.33945678153594744,0.03378953474444573,5.85,0,0.0,14.649268379482345,29.02405573725975,5.841666666666667
old,0.5,5,0.14455969934499208,0.3156441129192702,3.4916666666666667,0,0.0,8.78455140456006,20.221156726400434,5.841666666666667
old,0.5,6,-0.7285779099278332,-0.15983560817865067,3.816666666666667,0,0.0,7.527224213539069,21.8668091684956,5.841666666666667
old,0.5,7,-0.23518632714639776,-0.31943892412167096,2.7666666666666666,0,0.0,10.457228320020025,18.849531365661534,5.841666666666667
old,0.5,8,-0.13757112561334187,0.7474706556171979,3.158333333333333,0,0.0,5.446945608685794,12.796890042218108,5.841666666666667
old,0.5,9,-0.4329155578466216,0.4841391772957404,3.4166666666666665,0,0.0,5.788667889653546,15.593294114734451,5.841666666666667
old,0.5,10,-0.8414348858079024,-0.16744251499288743,3.808333333333333,0,0.0,7.1744085522506555,22.012375511724823,5.841666666666667
old,0.5,11,0.0813765325525028,0.2931111656796391,3.4916666666666667,0,0.0,8.776250349474235,20.546036160832674,5.841666666666667
old,0.5,12,0.3556132898964275,0.3966736175999626,3.5083333333333333,0,0.0,8.663259761691354,18.866063998727704,5.841666666666667
old,0.5,13,-0.1743625361242188,-0.23117589633228358,3.375,0,0.0,7.843599136600036,14.361679385080595,5.841666666666667
old,0.5,14,0.4289879406285769,-0.09565216244080745,3.3833333333333333,0,0.0,23.199001808821215,44.83851335466065,5.841666666666667
old,0.5,15,-0.6378431616689609,-0.5666436070017403,5.85,0,0.0,7.668712163389931,11.7145675231264,5.841666666666667
old,0.5,16,-0.45972614300080566,0.24858037202688202,3.45,0,0.0,7.52968534938433,20.749095866819363,5.841666666666667
old,0.5,17,0.07121286803528262,0.3452426770338841,3.4833333333333334,0,0.0,8.883379657876022,21.14132824160809,5.841666666666667
old,0.5,18,-0.21362632316826713,0.07926984553835711,3.8333333333333335,0,0.0,8.204234065252365,20.200180095177263,5.841666666666667
old,0.5,19,0.31279519698366837,-0.1546732698601192,3.375,0,0.0,22.279791138762363,42.64694423066283,5.841666666666667
old,1.0,0,0.45677523755741145,-0.6619259410666513,3.466666666666667,0,0.0,37.092033698675685,66.46320622340869,5.841666666666667
old,1.0,1,-0.3630538465650718,-0.3817378939983291,3.6416666666666666,0,0.0,8.595343302320655,14.83720874212828,5.841666666666667
old,1.0,2,-1.1958396455890397,0.4869724807855818,4.133333333333334,0,0.0,18.999124241519567,31.563699635503447,5.841666666666667
old,1.0,3,-0.46940234020272387,0.01249411872768743,3.816666666666667,0,0.0,8.027156483427802,21.64947603219363,5.841666666666667
old,1.0,4,0.48074665890590895,0.4465311760299441,3.5166666666666666,0,0.0,8.456013107899057,17.79955420929233,5.841666666666667
old,1.0,5,0.6653851089727862,-0.09848548450942361,3.3916666666666666,0,0.0,29.121354619435117,56.1195068444,5.841666666666667
old,1.0,6,-0.42329831204415375,-0.07971821090639905,4.375,0,0.0,7.585863227853998,19.511182213487036,5.841666666666667
old,1.0,7,-1.6873344339580298,-1.4471124724230873,3.6083333333333334,0,0.0,15.828491408847212,18.832548719282535,5.841666666666667
old,1.0,8,-1.3226996123544024,-0.9972468276014818,3.066666666666667,0,0.0,4.4230243733748775,1.719454503645934,5.841666666666667
old,1.0,9,0.3997742267234366,-0.9054790553600608,3.5,0,0.0,38.49150203862548,67.89916347379918,5.841666666666667
old,1.0,10,-0.3781625540393897,1.2992282977860654,4.675,0,0.0,29.17364349151032,55.241751368927176,5.841666666666667
old,1.0,11,-0.35626397106142593,0.7375155684670865,3.975,0,0.0,1.6858569550561813,5.174917250705689,5.841666666666667
old,1.0,12,-0.933617680009877,-0.20543755786763002,3.8,0,0.0,6.893070273364381,21.998854402846305,5.841666666666667
old,1.0,13,-0.9500220549105812,-0.3390330759005625,4.091666666666667,0,0.0,7.050994652509513,21.836504690665667,5.841666666666667
old,1.0,14,0.8403081374573955,-1.7273204231923487,2.8333333333333335,0,0.0,21.62419710867212,40.43329072878622,5.841666666666667
old,1.0,15,0.43442364354585733,0.2377356023322779,5.066666666666666,0,0.0,3.6935954919429035,8.828577578034347,5.841666666666667
old,1.0,16,-0.5941499556967944,-1.4460578543884546,2.3833333333333333,0,0.0,38.73088598534921,61.62434982573064,5.841666666666667
old,1.0,17,0.07212950771386951,-0.5294927090638024,2.558333333333333,0,0.0,30.405561039655343,54.69617699701311,5.841666666666667
old,1.0,18,0.23267621135470395,0.02185214552344288,2.2333333333333334,0,0.0,10.59831240705328,21.162179300031028,5.841666666666667
old,1.0,19,1.6017788913209154,-0.23935562747302427,4.675,0,0.0,37.46547732127407,71.67485319805344,5.841666666666667
