side,subset,model,level,sigma_theta_deg,sigma_omega,n,median,q25,q75,mean,std,min,max,cens_frac,median_of_trial_medians,n_trials,median_vs_ideal
insim,all50,PINN,clean,0.0,0.0,50.0,1.5416666666666667,0.8541666666666667,2.64375,2.2685,2.2029261165678458,0.11666666666666667,10.0,0.02,1.5416666666666667,50.0,
insim,all50,PINN,th0.1,0.1,0.0,1000.0,1.4666666666666666,0.825,2.65,2.230366666666667,2.149702868144851,0.11666666666666667,10.0,0.017,1.5375,50.0,
insim,all50,PINN,th0.45,0.45,0.0,1000.0,1.4541666666666666,0.80625,2.625,2.142141666666667,2.057291048185223,0.10833333333333334,10.0,0.013,1.4895833333333335,50.0,
insim,all50,PINN,th0.5,0.5,0.0,1000.0,1.45,0.7916666666666666,2.625,2.1434499999999996,2.067392705556416,0.10833333333333334,10.0,0.014,1.44375,50.0,
insim,all50,PINN,th1.0,1.0,0.0,1000.0,1.1833333333333333,0.6833333333333333,2.5104166666666665,1.9720333333333333,1.9712630946142597,0.1,10.0,0.011,1.1958333333333333,50.0,
insim,all50,PINN,w0.03,0.0,0.03,1000.0,1.4625,0.8333333333333334,2.6416666666666666,2.2295083333333334,2.155943800607918,0.11666666666666667,10.0,0.011,1.3875000000000002,50.0,
insim,all50,PINN,w0.09,0.0,0.09,1000.0,1.4,0.8166666666666667,2.625,2.176433333333333,2.138131250705916,0.10833333333333334,10.0,0.009,1.38125,50.0,
insim,all50,PINN,w0.2,0.0,0.2,1000.0,1.2333333333333334,0.6916666666666667,2.177083333333333,1.9549333333333334,2.0160566589830773,0.1,10.0,0.008,1.3291666666666666,50.0,
insim,all50,PINN,joint_0.45_0.09,0.45,0.09,1000.0,1.3833333333333333,0.7833333333333333,2.5125,2.089566666666667,2.0478346409602306,0.10833333333333334,10.0,0.009,1.3083333333333333,50.0,
insim,all50,PINN,det_joint_0.45_0.09,0.45,0.09,50.0,1.4333333333333333,0.81875,2.7145833333333336,2.277833333333333,2.280036108090179,0.11666666666666667,10.0,0.02,1.4333333333333333,50.0,
insim,chaos_pinn,PINN,clean,0.0,0.0,49.0,1.475,0.8416666666666667,2.625,2.1107142857142858,1.9191755922019498,0.11666666666666667,8.583333333333334,0.0,1.475,49.0,
insim,chaos_pinn,PINN,th0.1,0.1,0.0,980.0,1.4291666666666667,0.8166666666666667,2.625,2.0720323129251703,1.8603349188226197,0.11666666666666667,9.791666666666666,0.0,1.4666666666666666,49.0,
insim,chaos_pinn,PINN,th0.45,0.45,0.0,980.0,1.375,0.7979166666666667,2.5,1.982372448979592,1.7439221915891858,0.10833333333333334,9.775,0.0,1.45,49.0,
insim,chaos_pinn,PINN,th0.5,0.5,0.0,980.0,1.3875,0.7833333333333333,2.5104166666666665,1.983715986394558,1.7562300726400177,0.10833333333333334,10.0,0.0010204081632653062,1.3541666666666667,49.0,
insim,chaos_pinn,PINN,th1.0,1.0,0.0,980.0,1.15,0.675,2.3854166666666665,1.821998299319728,1.674257480800421,0.1,10.0,0.0010204081632653062,1.1958333333333333,49.0,
insim,chaos_pinn,PINN,w0.03,0.0,0.03,980.0,1.4,0.8166666666666667,2.6333333333333333,2.0717261904761903,1.8700212101118803,0.11666666666666667,9.783333333333333,0.0,1.3666666666666667,49.0,
insim,chaos_pinn,PINN,w0.09,0.0,0.09,980.0,1.3541666666666667,0.8145833333333333,2.533333333333333,2.0254931972789114,1.8704820453286102,0.10833333333333334,10.0,0.0010204081632653062,1.3625,49.0,
insim,chaos_pinn,PINN,w0.2,0.0,0.2,980.0,1.1791666666666667,0.6729166666666667,2.1333333333333333,1.8246938775510204,1.7943355279251474,0.1,10.0,0.0010204081632653062,1.325,49.0,
insim,chaos_pinn,PINN,joint_0.45_0.09,0.45,0.09,980.0,1.3291666666666666,0.775,2.36875,1.9438775510204085,1.7815864063957765,0.10833333333333334,10.0,0.0020408163265306124,1.2875,49.0,
insim,chaos_pinn,PINN,det_joint_0.45_0.09,0.45,0.09,49.0,1.3916666666666666,0.8166666666666667,2.658333333333333,2.1202380952380953,2.00977213329715,0.11666666666666667,8.05,0.0,1.3916666666666666,49.0,
insim,chaos_own,PINN,clean,0.0,0.0,49.0,1.475,0.8416666666666667,2.625,2.1107142857142858,1.9191755922019498,0.11666666666666667,8.583333333333334,0.0,1.475,49.0,
insim,chaos_own,PINN,th0.1,0.1,0.0,980.0,1.4291666666666667,0.8166666666666667,2.625,2.0720323129251703,1.8603349188226197,0.11666666666666667,9.791666666666666,0.0,1.4666666666666666,49.0,
insim,chaos_own,PINN,th0.45,0.45,0.0,980.0,1.375,0.7979166666666667,2.5,1.982372448979592,1.7439221915891858,0.10833333333333334,9.775,0.0,1.45,49.0,
insim,chaos_own,PINN,th0.5,0.5,0.0,980.0,1.3875,0.7833333333333333,2.5104166666666665,1.983715986394558,1.7562300726400177,0.10833333333333334,10.0,0.0010204081632653062,1.3541666666666667,49.0,
insim,chaos_own,PINN,th1.0,1.0,0.0,980.0,1.15,0.675,2.3854166666666665,1.821998299319728,1.674257480800421,0.1,10.0,0.0010204081632653062,1.1958333333333333,49.0,
insim,chaos_own,PINN,w0.03,0.0,0.03,980.0,1.4,0.8166666666666667,2.6333333333333333,2.0717261904761903,1.8700212101118803,0.11666666666666667,9.783333333333333,0.0,1.3666666666666667,49.0,
insim,chaos_own,PINN,w0.09,0.0,0.09,980.0,1.3541666666666667,0.8145833333333333,2.533333333333333,2.0254931972789114,1.8704820453286102,0.10833333333333334,10.0,0.0010204081632653062,1.3625,49.0,
insim,chaos_own,PINN,w0.2,0.0,0.2,980.0,1.1791666666666667,0.6729166666666667,2.1333333333333333,1.8246938775510204,1.7943355279251474,0.1,10.0,0.0010204081632653062,1.325,49.0,
insim,chaos_own,PINN,joint_0.45_0.09,0.45,0.09,980.0,1.3291666666666666,0.775,2.36875,1.9438775510204085,1.7815864063957765,0.10833333333333334,10.0,0.0020408163265306124,1.2875,49.0,
insim,chaos_own,PINN,det_joint_0.45_0.09,0.45,0.09,49.0,1.3916666666666666,0.8166666666666667,2.658333333333333,2.1202380952380953,2.00977213329715,0.11666666666666667,8.05,0.0,1.3916666666666666,49.0,
insim,all50,MLP_lam0,clean,0.0,0.0,50.0,1.3,0.56875,1.9270833333333335,2.0806666666666667,2.5082875331999617,0.13333333333333333,10.0,0.06,1.3,50.0,
insim,all50,MLP_lam0,th0.1,0.1,0.0,1000.0,1.2916666666666667,0.5666666666666667,1.9333333333333333,2.048808333333333,2.3759805671032903,0.13333333333333333,10.0,0.045,1.3,50.0,
insim,all50,MLP_lam0,th0.45,0.45,0.0,1000.0,1.1916666666666667,0.5729166666666666,2.060416666666667,1.8873916666666666,2.1113691137423176,0.13333333333333333,10.0,0.029,1.2479166666666668,50.0,
insim,all50,MLP_lam0,th0.5,0.5,0.0,1000.0,1.1916666666666667,0.5666666666666667,2.1,1.8728333333333336,2.099256969565354,0.13333333333333333,10.0,0.029,1.2479166666666668,50.0,
insim,all50,MLP_lam0,th1.0,1.0,0.0,1000.0,1.0875,0.55,1.8833333333333333,1.688,1.9819046468896266,0.125,10.0,0.023,1.1520833333333333,50.0,
insim,all50,MLP_lam0,w0.03,0.0,0.03,1000.0,1.2833333333333334,0.5666666666666667,1.94375,2.0584,2.386354050310056,0.13333333333333333,10.0,0.04,1.2958333333333334,50.0,
insim,all50,MLP_lam0,w0.09,0.0,0.09,1000.0,1.2,0.575,2.020833333333333,1.8969166666666668,2.0798161685632794,0.125,10.0,0.02,1.2833333333333332,50.0,
insim,all50,MLP_lam0,w0.2,0.0,0.2,1000.0,1.1125,0.5333333333333333,1.8583333333333334,1.6066500000000001,1.7809828855577925,0.11666666666666667,10.0,0.013,1.175,50.0,
insim,all50,MLP_lam0,joint_0.45_0.09,0.45,0.09,1000.0,1.1666666666666667,0.58125,1.9520833333333334,1.75945,1.8897001887050975,0.13333333333333333,10.0,0.014,1.28125,50.0,
insim,all50,MLP_lam0,det_joint_0.45_0.09,0.45,0.09,50.0,1.3041666666666667,0.5895833333333333,1.9416666666666667,1.719,1.7578436465494551,0.125,8.833333333333334,0.0,1.3041666666666667,50.0,
insim,chaos_pinn,MLP_lam0,clean,0.0,0.0,49.0,1.2833333333333334,0.5666666666666667,1.9083333333333334,1.998639455782313,2.4655927108731497,0.13333333333333333,10.0,0.061224489795918366,1.2833333333333334,49.0,
insim,chaos_pinn,MLP_lam0,th0.1,0.1,0.0,980.0,1.2833333333333334,0.5666666666666667,1.9083333333333334,1.9660714285714285,2.3276579435345837,0.13333333333333333,10.0,0.04591836734693878,1.2833333333333334,49.0,
insim,chaos_pinn,MLP_lam0,th0.45,0.45,0.0,980.0,1.175,0.5666666666666667,1.9166666666666667,1.8013180272108846,2.044047750333758,0.13333333333333333,10.0,0.02959183673469388,1.2166666666666666,49.0,
insim,chaos_pinn,MLP_lam0,th0.5,0.5,0.0,980.0,1.175,0.5583333333333333,1.9166666666666667,1.7864625850340137,2.0306462002937806,0.13333333333333333,10.0,0.02959183673469388,1.2166666666666666,49.0,
insim,chaos_pinn,MLP_lam0,th1.0,1.0,0.0,980.0,1.0666666666666667,0.5416666666666666,1.8333333333333333,1.599855442176871,1.9016673519809855,0.125,10.0,0.02346938775510204,1.15,49.0,
insim,chaos_pinn,MLP_lam0,w0.03,0.0,0.03,980.0,1.275,0.5666666666666667,1.9333333333333333,1.9758758503401361,2.3388372961255404,0.13333333333333333,10.0,0.04081632653061224,1.2833333333333334,49.0,
insim,chaos_pinn,MLP_lam0,w0.09,0.0,0.09,980.0,1.1875,0.5666666666666667,1.9333333333333333,1.8190901360544218,2.020411675439536,0.125,10.0,0.02040816326530612,1.2833333333333332,49.0,
insim,chaos_pinn,MLP_lam0,w0.2,0.0,0.2,980.0,1.0958333333333332,0.5229166666666667,1.8,1.5270238095238096,1.693300140057081,0.11666666666666667,10.0,0.013265306122448979,1.1625,49.0,
insim,chaos_pinn,MLP_lam0,joint_0.45_0.09,0.45,0.09,980.0,1.15,0.5729166666666666,1.9166666666666667,1.680527210884354,1.8173347988252966,0.13333333333333333,10.0,0.014285714285714285,1.2791666666666668,49.0,
insim,chaos_pinn,MLP_lam0,det_joint_0.45_0.09,0.45,0.09,49.0,1.2833333333333334,0.575,1.9166666666666667,1.7037414965986395,1.772711472347159,0.125,8.833333333333334,0.0,1.2833333333333334,49.0,
insim,chaos_own,MLP_lam0,clean,0.0,0.0,47.0,1.2,0.5416666666666667,1.8791666666666667,1.5751773049645386,1.5331615071511449,0.13333333333333333,6.333333333333333,0.0,1.2,47.0,
insim,chaos_own,MLP_lam0,th0.1,0.1,0.0,940.0,1.1916666666666667,0.525,1.8666666666666667,1.5811613475177304,1.5017175298812993,0.13333333333333333,6.341666666666667,0.0,1.2,47.0,
insim,chaos_own,MLP_lam0,th0.45,0.45,0.0,940.0,1.15,0.55,1.8583333333333334,1.5281382978723406,1.4383844170383433,0.13333333333333333,8.033333333333333,0.0,1.1916666666666667,47.0,
insim,chaos_own,MLP_lam0,th0.5,0.5,0.0,940.0,1.1416666666666666,0.55,1.85,1.5188031914893616,1.427478870044941,0.13333333333333333,8.058333333333334,0.0,1.1916666666666667,47.0,
insim,chaos_own,MLP_lam0,th1.0,1.0,0.0,940.0,1.0583333333333333,0.5333333333333333,1.7937500000000002,1.3768794326241132,1.3146979960630203,0.125,9.491666666666667,0.0,1.1291666666666667,47.0,
insim,chaos_own,MLP_lam0,w0.03,0.0,0.03,940.0,1.1916666666666667,0.5583333333333333,1.9,1.5904787234042552,1.5095619993986416,0.13333333333333333,6.341666666666667,0.0,1.1958333333333333,47.0,
insim,chaos_own,MLP_lam0,w0.09,0.0,0.09,940.0,1.1666666666666667,0.55,1.9,1.5655319148936169,1.4891328376801591,0.125,7.35,0.0,1.275,47.0,
insim,chaos_own,MLP_lam0,w0.2,0.0,0.2,940.0,1.075,0.50625,1.7083333333333333,1.3943794326241135,1.3738362613111141,0.11666666666666667,7.591666666666667,0.0,1.1416666666666666,47.0,
insim,chaos_own,MLP_lam0,joint_0.45_0.09,0.45,0.09,940.0,1.1291666666666667,0.55625,1.8583333333333334,1.4732801418439718,1.3621963055401012,0.13333333333333333,8.041666666666666,0.0,1.2125,47.0,
insim,chaos_own,MLP_lam0,det_joint_0.45_0.09,0.45,0.09,47.0,1.2666666666666666,0.5666666666666667,1.8041666666666667,1.4526595744680852,1.2457150062354556,0.125,5.966666666666667,0.0,1.2666666666666666,47.0,
insim,all50,Hybrid,clean,0.0,0.0,50.0,3.7458333333333336,3.15,6.2125,4.910666666666667,2.978836461886867,0.6083333333333333,10.0,0.2,3.7458333333333336,50.0,
insim,all50,Hybrid,th0.1,0.1,0.0,1000.0,3.691666666666667,3.0437499999999997,6.2,4.79965,2.928807353212986,0.49166666666666664,10.0,0.194,3.6875,50.0,
insim,all50,Hybrid,th0.45,0.45,0.0,1000.0,3.35,2.066666666666667,6.529166666666667,4.4888916666666665,3.123184826076234,0.3416666666666667,10.0,0.175,3.377083333333333,50.0,
insim,all50,Hybrid,th0.5,0.5,0.0,1000.0,3.2958333333333334,1.90625,6.3687499999999995,4.387166666666666,3.1356306935787543,0.3333333333333333,10.0,0.164,3.2916666666666665,50.0,
insim,all50,Hybrid,th1.0,1.0,0.0,1000.0,2.4166666666666665,1.1916666666666667,4.79375,3.5461499999999995,3.104846027980869,0.21666666666666667,10.0,0.122,2.03125,50.0,
insim,all50,Hybrid,w0.03,0.0,0.03,1000.0,3.6666666666666665,2.975,6.133333333333333,4.7358666666666664,2.914931625411696,0.5666666666666667,10.0,0.188,3.6604166666666664,50.0,
insim,all50,Hybrid,w0.09,0.0,0.09,1000.0,3.4,2.283333333333333,5.902083333333334,4.371974999999999,2.890802083035174,0.25833333333333336,10.0,0.136,3.4875,50.0,
insim,all50,Hybrid,w0.2,0.0,0.2,1000.0,2.6333333333333333,1.3583333333333334,4.6,3.4649666666666668,2.810680068793989,0.14166666666666666,10.0,0.088,2.825,50.0,
insim,all50,Hybrid,joint_0.45_0.09,0.45,0.09,1000.0,2.8875,1.775,5.377083333333333,3.9429250000000002,2.982023801379469,0.21666666666666667,10.0,0.128,3.114583333333333,50.0,
insim,all50,Hybrid,det_joint_0.45_0.09,0.45,0.09,50.0,3.25,2.1604166666666664,4.516666666666667,3.839,2.547014525517528,0.5166666666666667,10.0,0.1,3.25,50.0,
insim,chaos_pinn,Hybrid,clean,0.0,0.0,49.0,3.691666666666667,3.1416666666666666,6.2,4.806802721088436,2.9167974541457213,0.6083333333333333,10.0,0.1836734693877551,3.691666666666667,49.0,
insim,chaos_pinn,Hybrid,th0.1,0.1,0.0,980.0,3.683333333333333,2.98125,5.914583333333333,4.693520408163265,2.861712948177572,0.49166666666666664,10.0,0.17755102040816326,3.683333333333333,49.0,
insim,chaos_pinn,Hybrid,th0.45,0.45,0.0,980.0,3.325,2.05,6.2,4.376420068027211,3.0529354265931787,0.3416666666666667,10.0,0.15816326530612246,3.341666666666667,49.0,
insim,chaos_pinn,Hybrid,th0.5,0.5,0.0,980.0,3.2666666666666666,1.8833333333333333,6.125,4.272619047619048,3.062076673912247,0.3333333333333333,10.0,0.1469387755102041,3.283333333333333,49.0,
insim,chaos_pinn,Hybrid,th1.0,1.0,0.0,980.0,2.35,1.18125,4.3875,3.417491496598639,2.999970838854266,0.21666666666666667,10.0,0.10510204081632653,1.9958333333333333,49.0,
insim,chaos_pinn,Hybrid,w0.03,0.0,0.03,980.0,3.658333333333333,2.8979166666666667,5.8,4.62843537414966,2.8447749545159544,0.5666666666666667,10.0,0.17142857142857143,3.658333333333333,49.0,
insim,chaos_pinn,Hybrid,w0.09,0.0,0.09,980.0,3.354166666666667,2.252083333333333,5.727083333333333,4.257117346938775,2.8048473661543887,0.25833333333333336,10.0,0.11836734693877551,3.4625,49.0,
insim,chaos_pinn,Hybrid,w0.2,0.0,0.2,980.0,2.595833333333333,1.35,4.435416666666667,3.3397023809523816,2.686028626737086,0.14166666666666666,10.0,0.07040816326530612,2.7625,49.0,
insim,chaos_pinn,Hybrid,joint_0.45_0.09,0.45,0.09,980.0,2.8208333333333337,1.7229166666666667,5.052083333333333,3.819311224489796,2.8825911154833475,0.21666666666666667,10.0,0.11020408163265306,3.083333333333333,49.0,
insim,chaos_pinn,Hybrid,det_joint_0.45_0.09,0.45,0.09,49.0,3.2083333333333335,2.158333333333333,4.416666666666667,3.7132653061224485,2.4115360518837674,0.5166666666666667,10.0,0.08163265306122448,3.2083333333333335,49.0,
insim,chaos_own,Hybrid,clean,0.0,0.0,40.0,3.5,3.0395833333333333,3.9270833333333335,3.638333333333333,1.6873089213334336,0.6083333333333333,8.85,0.0,3.5,40.0,
insim,chaos_own,Hybrid,th0.1,0.1,0.0,800.0,3.45,2.6416666666666666,3.96875,3.552583333333333,1.6290151853816053,0.49166666666666664,10.0,0.0025,3.4458333333333337,40.0,
insim,chaos_own,Hybrid,th0.45,0.45,0.0,800.0,3.025,1.8562500000000002,4.266666666666667,3.3389374999999997,2.0834764697386925,0.3416666666666667,10.0,0.0125,3.09375,40.0,
insim,chaos_own,Hybrid,th0.5,0.5,0.0,800.0,2.8,1.7062499999999998,4.145833333333334,3.2399270833333333,2.089275051000125,0.3333333333333333,10.0,0.0075,3.0666666666666664,40.0,
insim,chaos_own,Hybrid,th1.0,1.0,0.0,800.0,1.9,1.0583333333333333,3.25,2.5027291666666667,1.9902961334016878,0.21666666666666667,10.0,0.005,1.925,40.0,
insim,chaos_own,Hybrid,w0.03,0.0,0.03,800.0,3.4208333333333334,2.6083333333333334,3.875,3.534572916666667,1.689221736579565,0.5666666666666667,10.0,0.01125,3.435416666666667,40.0,
insim,chaos_own,Hybrid,w0.09,0.0,0.09,800.0,3.1,2.1291666666666664,4.2375,3.4173541666666667,2.022754814336176,0.25833333333333336,10.0,0.0125,3.2375,40.0,
insim,chaos_own,Hybrid,w0.2,0.0,0.2,800.0,2.191666666666667,1.1895833333333332,3.658333333333333,2.7364687500000002,2.065896528183453,0.14166666666666666,10.0,0.00875,2.125,40.0,
insim,chaos_own,Hybrid,joint_0.45_0.09,0.45,0.09,800.0,2.433333333333333,1.4333333333333333,3.75625,2.9880520833333333,2.0692906470275707,0.21666666666666667,10.0,0.0125,2.466666666666667,40.0,
insim,chaos_own,Hybrid,det_joint_0.45_0.09,0.45,0.09,40.0,3.0541666666666667,2.029166666666667,3.85625,3.0318750000000003,1.51066470848671,0.5166666666666667,7.591666666666667,0.0,3.0541666666666667,40.0,
insim,all50,Analytic,clean,0.0,0.0,50.0,10.0,10.0,10.0,9.839833333333333,0.8009654215857035,5.425,10.0,0.96,10.0,50.0,
insim,all50,Analytic,th0.1,0.1,0.0,1000.0,10.0,7.354166666666667,10.0,8.511483333333334,2.5858811463885365,0.5416666666666666,10.0,0.68,10.0,50.0,
insim,all50,Analytic,th0.45,0.45,0.0,1000.0,4.854166666666666,2.55625,10.0,5.8500499999999995,3.5919182141706156,0.325,10.0,0.362,4.177083333333334,50.0,
insim,all50,Analytic,th0.5,0.5,0.0,1000.0,4.316666666666666,2.3833333333333333,10.0,5.632275,3.6224688069616535,0.31666666666666665,10.0,0.346,3.8479166666666664,50.0,
insim,all50,Analytic,th1.0,1.0,0.0,1000.0,2.5125,1.2645833333333334,9.612499999999999,4.365266666666667,3.7122418955399596,0.21666666666666667,10.0,0.244,2.2583333333333333,50.0,
insim,all50,Analytic,w0.03,0.0,0.03,1000.0,10.0,6.614583333333333,10.0,8.20735,2.8601905775423577,0.65,10.0,0.654,10.0,50.0,
insim,all50,Analytic,w0.09,0.0,0.09,1000.0,6.7125,2.8979166666666667,10.0,6.402708333333333,3.5275849357233953,0.25,10.0,0.423,6.947916666666666,50.0,
insim,all50,Analytic,w0.2,0.0,0.2,1000.0,3.1791666666666663,1.5791666666666666,10.0,4.706916666666666,3.6793317520800004,0.14166666666666666,10.0,0.252,3.283333333333333,50.0,
insim,all50,Analytic,joint_0.45_0.09,0.45,0.09,1000.0,3.5625,2.025,10.0,5.049508333333333,3.561231505593768,0.20833333333333334,10.0,0.266,3.2625,50.0,
insim,all50,Analytic,det_joint_0.45_0.09,0.45,0.09,50.0,6.800000000000001,2.597916666666667,10.0,6.241999999999999,3.7217785229846307,0.625,10.0,0.4,6.800000000000001,50.0,
insim,chaos_pinn,Analytic,clean,0.0,0.0,49.0,10.0,10.0,10.0,9.83656462585034,0.8089287904271052,5.425,10.0,0.9591836734693877,10.0,49.0,
insim,chaos_pinn,Analytic,th0.1,0.1,0.0,980.0,10.0,7.264583333333333,10.0,8.48110544217687,2.6033051445907702,0.5416666666666666,10.0,0.673469387755102,10.0,49.0,
insim,chaos_pinn,Analytic,th0.45,0.45,0.0,980.0,4.691666666666666,2.533333333333333,10.0,5.765357142857143,3.578608482414916,0.325,10.0,0.3489795918367347,4.175,49.0,
insim,chaos_pinn,Analytic,th0.5,0.5,0.0,980.0,4.241666666666667,2.3583333333333334,10.0,5.54313775510204,3.604535646366293,0.31666666666666665,10.0,0.3326530612244898,3.808333333333333,49.0,
insim,chaos_pinn,Analytic,th1.0,1.0,0.0,980.0,2.470833333333333,1.25,8.408333333333333,4.252695578231292,3.6636775941013586,0.21666666666666667,10.0,0.22959183673469388,2.25,49.0,
insim,chaos_pinn,Analytic,w0.03,0.0,0.03,980.0,10.0,6.589583333333334,10.0,8.170765306122448,2.877641948736911,0.65,10.0,0.6469387755102041,10.0,49.0,
insim,chaos_pinn,Analytic,w0.09,0.0,0.09,980.0,6.550000000000001,2.7729166666666667,10.0,6.3292942176870755,3.525381431247602,0.25,10.0,0.41122448979591836,6.85,49.0,
insim,chaos_pinn,Analytic,w0.2,0.0,0.2,980.0,3.1166666666666667,1.5416666666666667,9.26875,4.606998299319728,3.640486751348087,0.14166666666666666,10.0,0.23775510204081632,3.2625,49.0,
insim,chaos_pinn,Analytic,joint_0.45_0.09,0.45,0.09,980.0,3.45,2.0166666666666666,10.0,4.948477891156464,3.5257026631827055,0.20833333333333334,10.0,0.2510204081632653,2.975,49.0,
insim,chaos_pinn,Analytic,det_joint_0.45_0.09,0.45,0.09,49.0,6.166666666666667,2.441666666666667,10.0,6.165306122448979,3.720213238012194,0.625,10.0,0.3877551020408163,6.166666666666667,49.0,
insim,chaos_own,Analytic,clean,0.0,0.0,2.0,5.995833333333334,5.710416666666666,6.28125,5.995833333333334,0.8072802418546418,5.425,6.566666666666666,0.0,5.995833333333334,2.0,
insim,chaos_own,Analytic,th0.1,0.1,0.0,40.0,1.8208333333333333,1.4083333333333334,1.90625,1.7668750000000002,0.4369119470802149,1.1833333333333333,2.9166666666666665,0.0,1.6458333333333335,2.0,
insim,chaos_own,Analytic,th0.45,0.45,0.0,40.0,1.1833333333333333,1.0354166666666667,1.2833333333333334,1.0972916666666666,0.4472071751198011,0.375,2.2416666666666667,0.0,1.2041666666666666,2.0,
insim,chaos_own,Analytic,th0.5,0.5,0.0,40.0,1.175,1.0250000000000001,1.2687499999999998,1.0754166666666667,0.433760267988517,0.36666666666666664,2.2416666666666667,0.0,1.19375,2.0,
insim,chaos_own,Analytic,th1.0,1.0,0.0,40.0,0.4458333333333333,0.39166666666666666,1.1020833333333333,0.7322916666666667,0.44313450452719666,0.21666666666666667,1.8333333333333333,0.0,0.7020833333333333,2.0,
insim,chaos_own,Analytic,w0.03,0.0,0.03,40.0,1.2708333333333335,1.1145833333333335,1.81875,1.3908333333333336,0.4548167346396371,0.7333333333333333,2.9833333333333334,0.0,1.2416666666666667,2.0,
insim,chaos_own,Analytic,w0.09,0.0,0.09,40.0,0.95,0.6020833333333333,1.15,0.8970833333333331,0.4288415705042978,0.25,2.191666666666667,0.0,0.8083333333333333,2.0,
insim,chaos_own,Analytic,w0.2,0.0,0.2,40.0,0.45,0.3625,0.9312499999999999,0.6177083333333334,0.3575457828353759,0.14166666666666666,1.2833333333333334,0.0,0.5479166666666666,2.0,
insim,chaos_own,Analytic,joint_0.45_0.09,0.45,0.09,40.0,0.7541666666666667,0.4083333333333333,1.0520833333333335,0.820625,0.46539427996722393,0.20833333333333334,2.2583333333333333,0.0,0.7208333333333332,2.0,
insim,chaos_own,Analytic,det_joint_0.45_0.09,0.45,0.09,2.0,0.8666666666666667,0.7875,0.9458333333333333,0.8666666666666667,0.22391714737573998,0.7083333333333334,1.025,0.0,0.8666666666666667,2.0,
real,all29,PINN,clean,0.0,0.0,29.0,0.41683998042572057,0.1500630702102299,0.7669872525912922,0.6663714232160634,0.7998299286420413,0.05002098501071828,3.568150202195639,0.0,0.41683998042572057,29.0,0.8670295009153399
real,all29,PINN,th0.1,0.1,0.0,580.0,0.41683998042572057,0.1500630702102299,0.7669872525912922,0.6581498411392398,0.7781923518166903,0.05002098501071828,3.568150202195639,0.0,0.41683998042572057,29.0,0.8336967025480035
real,all29,PINN,th0.45,0.45,0.0,580.0,0.40851110285902337,0.1500630702102299,0.8003317142517972,0.6729838665556311,0.7916470964400806,0.05002098501071828,3.5848238012713196,0.0,0.41683998042572057,29.0,0.8003656641376438
real,all29,PINN,th0.5,0.5,0.0,580.0,0.4001828320688219,0.15006304488704636,0.7878265312166128,0.671460294653557,0.7914029278286321,0.05002098501071828,3.601497400347,0.0,0.41683998042572057,29.0,0.8003507788174034
real,all29,PINN,th1.0,1.0,0.0,580.0,0.3918371222806627,0.1500629689174957,0.7002927088877016,0.6203758568616852,0.7275468913020819,0.05002098501071828,3.984990179087653,0.0017241379310344827,0.408519974403589,29.0,0.7503142584094924
real,all29,PINN,w0.03,0.0,0.03,580.0,0.41683998042572057,0.1500630702102299,0.7669872525912922,0.6659405778135379,0.7876094000466085,0.05002098501071828,3.568150202195639,0.0,0.41683998042572057,29.0,0.8087028064724109
real,all29,PINN,w0.09,0.0,0.09,580.0,0.41683998042572057,0.1500629689174957,0.883700089552562,0.6673781081167214,0.7862447715704832,0.05002098501071828,3.5848238012713196,0.0,0.41683998042572057,29.0,0.8003656641376438
real,all29,PINN,w0.2,0.0,0.2,580.0,0.3834927351890798,0.15006230895836836,0.8003322811100588,0.6199447121287827,0.7342344657261213,0.05002098501071828,3.601497400347,0.0,0.40850258617624036,29.0,0.691955332310533
real,all29,PINN,joint_0.45_0.09,0.45,0.09,580.0,0.4001828320688219,0.1500629689174957,0.8170054362989951,0.6657970734305834,0.7925836708084385,0.05002098501071828,3.6181709994226807,0.0,0.41683998042572057,29.0,0.7753374592037829
real,all29,PINN,det_joint_0.45_0.09,0.45,0.09,29.0,0.3501460744940754,0.15006224793968226,0.9003755633445962,0.677871044288864,0.8208785699557026,0.05002098501071828,3.5848238012713196,0.0,0.3501460744940754,29.0,0.7169643650233155
real,all29,MLP_lam0,clean,0.0,0.0,29.0,0.2667771991355039,0.1500630702102299,0.7002902499703225,0.5433323992674366,0.7042305070433189,0.05002098501071828,3.4847858641493588,0.0,0.2667771991355039,29.0,0.6836163993184812
real,all29,MLP_lam0,th0.1,0.1,0.0,580.0,0.2667771991355039,0.1500630702102299,0.7002912799940528,0.5483058503860587,0.6980463702305534,0.05002098501071828,3.4847858641493588,0.0,0.2667771991355039,29.0,0.6836163993184812
real,all29,MLP_lam0,th0.45,0.45,0.0,580.0,0.2667771991355039,0.15006280392771387,0.7169680455429877,0.5700106360708684,0.7257178839283033,0.05002098501071828,3.4847858641493588,0.0,0.2667771991355039,29.0,0.7253025785033618
real,all29,MLP_lam0,th0.5,0.5,0.0,580.0,0.2667771991355039,0.15006280392771387,0.7211353853399443,0.5700393312772158,0.7238383192154252,0.05002098501071828,3.4847858641493588,0.0,0.2667771991355039,29.0,0.7169680455429877
real,all29,MLP_lam0,th1.0,1.0,0.0,580.0,0.2501051321661585,0.15006230895836836,0.7002908646996673,0.551295703828168,0.7119378287619764,0.05002098501071828,3.4847858641493588,0.0,0.2667771991355039,29.0,0.7002899077904488
real,all29,MLP_lam0,w0.03,0.0,0.03,580.0,0.2667771991355039,0.1500630702102299,0.7169638273505683,0.5492833663706235,0.6906820638053774,0.05002098501071828,3.501459480724236,0.0,0.2667771991355039,29.0,0.6836163993184812
real,all29,MLP_lam0,w0.09,0.0,0.09,580.0,0.25010398825543234,0.14589408065438292,0.7211322216956297,0.5426139804102816,0.639232671643783,0.05002098501071828,3.4847858641493588,0.0,0.2667771991355039,29.0,0.7002927088877016
real,all29,MLP_lam0,w0.2,0.0,0.2,580.0,0.25010416358988596,0.13339305695281212,0.7169680455429877,0.5132337523368398,0.5661477510080256,0.05002098501071828,3.5181330972991134,0.0,0.2667771991355039,29.0,0.6335994058116832
real,all29,MLP_lam0,joint_0.45_0.09,0.45,0.09,580.0,0.25010398825543234,0.15006230895836836,0.7336374047308141,0.5548893330270355,0.6634560402663578,0.05002098501071828,3.4847858641493588,0.0,0.26677755491414246,29.0,0.7336371114637359
real,all29,MLP_lam0,det_joint_0.45_0.09,0.45,0.09,29.0,0.2501036241895349,0.1333893957424266,0.7002902499703225,0.5548317718300981,0.7110555512306678,0.05002098501071828,3.451438630999604,0.0,0.2501036241895349,29.0,0.666946466809577
real,all29,Hybrid,clean,0.0,0.0,29.0,0.48353503611701854,0.1667358988426315,0.9170491848880147,0.7135205218340527,0.7214198394617326,0.05002098501071828,2.91788290060353,0.0,0.48353503611701854,29.0,3.017921458282217
real,all29,Hybrid,th0.1,0.1,0.0,580.0,0.48353503611701854,0.1667358988426315,0.9212175902738693,0.7180626319641511,0.7137703542984942,0.05002098501071828,2.91788290060353,0.0,0.48353503611701854,29.0,3.001247859065188
real,all29,Hybrid,th0.45,0.45,0.0,580.0,0.450187290630339,0.16673671654116262,0.9170491848880147,0.7042922630836066,0.7140146080660034,0.05002098501071828,2.91788290060353,0.0,0.48353503611701854,29.0,1.9842405183908909
real,all29,Hybrid,th0.5,0.5,0.0,580.0,0.450187290630339,0.16673671654116262,0.9170491848880147,0.6994912935882754,0.7090417830992729,0.05002098501071828,2.91788290060353,0.0,0.48353503611701854,29.0,1.8007563559824789
real,all29,Hybrid,th1.0,1.0,0.0,580.0,0.4335135796427494,0.18340948872689466,0.9003755633445962,0.6762342803830484,0.7058083027529793,0.05002098501071828,3.0679422299252224,0.0,0.47519822514948373,29.0,1.325552969903545
real,all29,Hybrid,w0.03,0.0,0.03,580.0,0.4501877922468793,0.1667358988426315,0.9170491848880147,0.694891972247184,0.685164823837415,0.05002098501071828,2.9345565171784074,0.0,0.48353503611701854,29.0,2.859522265720443
real,all29,Hybrid,w0.09,0.0,0.09,580.0,0.4418593460191147,0.16673644880857097,0.9670801502237936,0.7221158961554234,0.7307441228479085,0.05002098501071828,3.501459480724236,0.0,0.5002086580520881,29.0,1.9924986771903104
real,all29,Hybrid,w0.2,0.0,0.2,580.0,0.4501871788597782,0.1667366321305508,0.9170491848880147,0.6972777169608441,0.6990058108996053,0.05002098501071828,3.501459480724236,0.0,0.4418504889519994,29.0,1.3005425624065658
real,all29,Hybrid,joint_0.45_0.09,0.45,0.09,580.0,0.4335141703118097,0.16673671654116262,0.9504045713684377,0.7059595557124675,0.728080697916909,0.05002098501071828,3.5181330972991134,0.0,0.450187290630339,29.0,1.4256220943289861
real,all29,Hybrid,det_joint_0.45_0.09,0.45,0.09,29.0,0.3501460744940754,0.1667358988426315,0.950441666666535,0.6611994158987721,0.6810930407456566,0.05002098501071828,2.4343454650493612,0.0,0.3501460744940754,29.0,1.9842405183908909
real,all29,Analytic,clean,0.0,0.0,29.0,0.46686141418194893,0.1667358988426315,0.9170491848880147,0.7209949524354976,0.7185415110459455,0.05002098501071828,2.9012092840286527,0.0,0.46686141418194893,29.0,3.9849956424816355
real,all29,Analytic,th0.1,0.1,0.0,580.0,0.4502056860774246,0.1667358988426315,0.9170491848880147,0.7142391470580808,0.7099670677292204,0.05002098501071828,2.9012092840286527,0.0,0.46686141418194893,29.0,3.9849856779162622
real,all29,Analytic,th0.45,0.45,0.0,580.0,0.450187290630339,0.16673674467803323,0.9253973053326447,0.7080583560357132,0.7077688689073462,0.05002098501071828,2.91788290060353,0.0,0.46686141418194893,29.0,2.5677352102804605
real,all29,Analytic,th0.5,0.5,0.0,580.0,0.43353140140789037,0.16673674467803323,0.9378892697088204,0.7055859704585365,0.705391233895371,0.05002098501071828,2.91788290060353,0.0,0.46686141418194893,29.0,2.501043389243396
real,all29,Analytic,th1.0,1.0,0.0,580.0,0.4168571167383561,0.18340948872689466,0.8878697599200813,0.6605668363436464,0.6775917209761779,0.05002098501071828,2.91788290060353,0.0,0.46686141418194893,29.0,1.4922895438413093
real,all29,Analytic,w0.03,0.0,0.03,580.0,0.4501877922468793,0.1667358988426315,0.9170491848880147,0.6975368238357583,0.6822241731702281,0.05002098501071828,2.9345565171784074,0.0,0.48353503611701854,29.0,3.943468324344849
real,all29,Analytic,w0.09,0.0,0.09,580.0,0.450187290630339,0.1667358988426315,0.9545980867164516,0.7184652401788312,0.7308476037031111,0.05002098501071828,3.501459480724236,0.0,0.5002086580520881,29.0,2.4009965331670173
real,all29,Analytic,w0.2,0.0,0.2,580.0,0.4501871788597782,0.16673644880857097,0.9170463252410599,0.6878487883048775,0.6938057157683327,0.05002098501071828,3.501459480724236,0.0,0.4418504889519994,29.0,1.3672327986369623
real,all29,Analytic,joint_0.45_0.09,0.45,0.09,580.0,0.4418592626627529,0.1667366321305508,0.950441666666535,0.7109906296682497,0.7300590341085691,0.05002098501071828,3.501459480724236,0.0,0.450187290630339,29.0,1.9091660641361514
real,all29,Analytic,det_joint_0.45_0.09,0.45,0.09,29.0,0.3668196970890314,0.1500630702102299,0.8336794594896446,0.6341770815701139,0.6520212587810087,0.05002098501071828,2.451019064125042,0.0,0.3668196970890314,29.0,2.0675308548113094
