lead_s,tag,fps,lead_n,pred_n,win_s,rel_deg,amp_pred_deg,amp_leadend_deg,wmax_pred,PINN_h,PINN_cens,PINN_rms,Hybrid_h,Hybrid_cens,Hybrid_rms,MLP_h,MLP_cens,MLP_rms
2.0,1430,59.97506051492717,119,239,3.984989726530003,101.26100730441047,95.39489224706035,101.26100730441047,13.893907166112665,0.05002079154640171,0,74.0419655079005,0.05002079154640171,0,66.63928926452135,0.05002079154640171,0,131.4727968729069
2.0,1431,59.97477888632322,119,239,3.985008439180792,87.1304493646118,87.1304493646118,84.30174161217842,12.266570192535541,0.4001682114658536,0,91.5340661227487,0.4001682114658536,0,92.03027621284,0.1500630792996951,0,100.25191397142764
2.0,1432,59.974782519053534,119,239,3.9850081978049943,111.18471406918472,107.32876540216553,111.18471406918472,13.893001731968948,0.0666946978712133,0,107.92724948035925,0.0666946978712133,0,112.44135743414785,0.0666946978712133,0,107.73940065188218
2.0,1434,59.97497147855449,119,239,3.9849956424816355,106.94602653932782,88.0954593536442,106.94602653932782,13.100476112301969,0.3334724387013921,0,78.03875868031344,0.2834515728961833,0,90.66216509463541,0.20008346322083526,0,95.72390564665912
2.0,1435,59.975111152656886,119,239,3.9849863619537844,103.77854678324493,98.61242450940149,103.77854678324493,13.680475003298913,0.6335961579675473,0,39.50807692291589,0.7336376565940022,0,46.099694041358354,0.3834924114014102,0,86.16170419712893
2.0,1436,59.9750383050472,119,239,3.9849912022463343,97.58227372119343,86.70472436387544,97.58227372119343,12.333610708281647,0.2167568436368299,0,104.7007390966963,0.23343044699350912,0,102.93172569636066,0.2167568436368299,0,83.3482116752993
2.0,1437,59.97516637867811,119,239,3.9849826925193383,73.29549428049998,70.95606480757367,73.29549428049998,7.134433620075182,0.31679778727141183,0,20.694412648434433,0.3334713550225388,0,19.07621941236706,0.3334713550225388,0,19.27377669893778
2.0,1438,59.97482855160035,119,239,3.9850051391872228,97.84590892438413,78.07187389601818,97.84590892438413,11.771999877132268,0.16673661670239426,0,74.34772136334696,0.2667785867238308,0,88.07243609284052,0.18341027837263368,0,74.98960950116255
2.0,1439,59.97497288732263,119,239,3.9849955488770092,66.5566778003688,66.5566778003688,40.26476715774943,8.286538434806298,1.150479886495873,0,16.74107011038075,1.1338062649524545,0,17.172843014400904,1.1838271295827099,0,15.700437028393784
2.0,1440,59.97482300212373,119,239,3.985005507920164,92.36692089454493,92.36692089454493,87.52190834708216,12.792660906606189,0.06669465285222032,0,114.46345770021586,0.06669465285222032,0,114.40062722894207,0.06669465285222032,0,98.8694996474627
2.0,1441,59.97489121777585,119,239,3.9850009753608893,77.42647300065325,73.86720093700067,77.42647300065325,10.387803972811144,0.6669457699348769,0,42.14262243243651,0.6836194141832488,0,11.443103689815663,0.9170504336604557,0,77.88017446433274
2.0,1442,59.974827648786736,119,239,3.9850051991743385,85.81743922862228,69.22458562619146,85.81743922862228,11.53032438342051,0.23343126689724158,0,52.099665068362135,0.2834522526609362,0,26.752507024270255,0.2501049288184731,0,32.05861412065353
2.0,1443,59.975131742559476,119,239,3.98498499387874,81.23591153973615,76.98789135625837,81.23591153973615,8.576876712362342,2.000829285629493,0,10.57011306016621,1.0504353749554838,0,21.826904163724638,0.28345081546417816,0,21.124329280755106
2.0,1444,59.974990759157365,119,239,3.984994361395678,50.8340099295571,50.061940293967496,50.8340099295571,5.268087987744253,1.7674033569369954,0,10.814016142985722,1.7674033569369954,0,10.76544440298656,2.267611854183315,0,9.274052494559097
2.0,1445,59.97508926345458,119,239,3.9849878163605013,47.25339057812756,47.25339057812756,42.656137095121785,6.172480031050962,1.4672758487017745,0,25.407864821565084,1.4672758487017745,0,26.014188999891278,1.4672758487017745,0,26.70929052477646
2.0,1446,59.975053195395,119,239,3.9849902128698886,83.38159433721623,83.04619868425209,83.38159433721623,10.430894281533744,0.25010398825543234,0,82.94539588832029,0.23343038903840352,0,83.76503181957455,0.2167567898213747,0,91.6130971761096
2.0,1447,59.97514049869432,119,239,3.9849844120865896,81.89721341451065,79.70205488136104,81.89721341451065,8.29453323295293,0.45018652354116284,0,12.308592067454926,1.0837823714879846,0,12.498032210746224,0.43351294859519385,0,24.986210905145672
2.0,1448,59.974921153627335,119,239,3.98499898628954,66.40461687758344,62.90341633228148,66.40461687758344,9.753039121914602,1.1504808788869383,0,39.26359070471263,0.4668618059251344,0,27.50972063253724,0.4501881699992367,0,63.71231818873995
2.0,1449,59.97496910494516,119,239,3.9849958001944774,75.63886890830787,69.74251491455813,75.63886890830787,10.434645171453367,0.06669449037982389,0,78.533275352749,0.06669449037982389,0,51.584920278986836,0.06669449037982389,0,79.53403181015977
2.0,1450,59.975020416008995,119,239,3.984992390868854,74.13916690570532,67.03139845590019,74.13916690570532,10.542319817811405,0.8336804164997602,0,12.521738390298157,1.1671525830996643,0,7.500440331337739,1.1004581497796835,0,63.40029650075192
2.0,1451,59.97481856056498,119,239,3.985005803037957,74.19936385103162,64.95312020429262,74.19936385103162,10.573616985256987,0.20008397337429074,0,70.68814481632224,1.5006298003071805,0,38.04336746864399,0.18341030892643317,0,92.63146451106859
2.0,1452,59.97515571726219,119,239,3.9849834009052927,70.04543290946849,68.89228451983683,70.04543290946849,10.008588058052924,0.21675641929610379,0,59.55972727183994,0.21675641929610379,0,57.87548982482076,0.21675641929610379,0,48.99461738019092
2.0,1453,59.97505370382571,119,239,3.984990179087653,38.23791350685693,36.625502057549426,38.23791350685693,4.598773426318409,2.967900635471139,0,6.456331022027385,2.6177550548818473,0,7.2343841341703605,1.317214326978764,0,11.431700920429893
2.0,1454,59.97496301354489,119,239,3.9849962049334433,90.56120790760053,90.56120790760053,78.29642003805763,12.22277125266054,0.7669867172675247,0,80.87814521912718,0.8837020872864958,0,79.79517707166849,0.5002087286527335,0,101.97988136523064
2.0,1455,59.974812479712426,119,239,3.985006207078115,104.32970424569315,101.46090738594552,104.32970424569315,12.729591573570112,0.11671566296881508,0,59.36737989894125,1.617345615425009,0,50.950235703295924,0.5669046487056733,0,109.50833375878003
2.0,1456,59.97508676543729,119,239,3.984987982338893,62.45901886263692,57.66821451962196,62.45901886263692,9.388257605838088,0.8336794942131576,0,15.828762174112452,0.8336794942131576,0,27.472697998431766,0.3501453875695262,0,42.44096014077133
2.0,1458,59.9725877192867,119,239,3.9851540360186846,81.67813025850883,81.67813025850883,58.535839708577704,11.298018966771513,0.2501142700430137,0,68.18692003492485,0.7836913794681095,0,26.262176039599105,0.4502056860774246,0,93.47828330668503
2.0,1459,59.97211822574547,119,239,3.9851852339175764,91.60052256944563,91.60052256944563,75.54953400483954,11.356765763059052,0.6169533625730139,0,59.58663554639979,0.6002789473683379,0,90.07138142320679,0.4835580409356055,0,52.05513595016999
2.0,1460,59.97256829353651,119,239,3.9851553268522935,62.42315810939042,57.84889732191636,62.42315810939042,8.364793350732048,0.23344006098716363,0,44.41307754646102,0.23344006098716363,0,42.067944337220055,0.23344006098716363,0,44.92148915612689
4.0,1430,59.97506051492717,239,239,3.984989726530003,101.26100730441047,95.39489224706035,94.9488396917454,13.387918882148096,0.350145540824812,0,96.31473291537897,0.26677755491414246,0,78.65458870198057,0.26677755491414246,0,112.07812441511223
4.0,1431,59.97477888632322,239,239,3.985008439180792,87.1304493646118,75.61079327581415,87.1304493646118,11.338458502808258,0.45018923789908527,0,108.57510028978452,0.5335576152878048,0,98.53632906174116,0.666947019109756,0,68.24286103646655
4.0,1432,59.974782519053534,239,239,3.9850081978049943,111.18471406918472,89.37666871585735,107.32876540216553,12.161671338333145,0.1500630702102299,0,99.68985181346657,0.1500630702102299,0,105.8304635269491,0.1500630702102299,0,87.52287258233898
4.0,1434,59.97497147855449,239,239,3.9849956424816355,106.94602653932782,90.22231726092788,88.0954593536442,12.435388448177967,0.48353503611701854,0,101.17773056239479,0.48353503611701854,0,78.88322562196029,0.4501877922468793,0,72.82634728978769
4.0,1435,59.975111152656886,239,239,3.9849863619537844,103.77854678324493,98.92828072065983,98.61242450940149,13.02194546242547,0.15006224793968226,0,54.273128342067174,0.716964073489593,0,64.2903525636896,0.18340941414850054,0,125.40535034404634
4.0,1436,59.9750383050472,239,239,3.9849912022463343,97.58227372119343,76.4950303504752,86.70472436387544,11.347585776898944,0.5835761174837728,0,98.42496705920898,0.450187290630339,0,92.68196310808229,0.4335136872736598,0,116.45083659834316
4.0,1437,59.97516637867811,239,239,3.9849826925193383,73.29549428049998,70.95606480757367,70.76919701071407,7.134433620075182,1.4005796910946628,0,17.235016387092724,1.1838233103300126,0,15.920947543626054,1.1838233103300126,0,16.015416681404226
4.0,1438,59.97482855160035,239,239,3.9850051391872228,97.84590892438413,68.11510988867539,78.07187389601818,11.006792488707712,0.05002098501071828,0,74.76921310847632,0.05002098501071828,0,110.28684343073952,0.05002098501071828,0,103.7277314032968
4.0,1439,59.97497288732263,239,239,3.9849955488770092,66.5566778003688,66.5566778003688,51.83767068365568,8.207912673965042,0.9003755633445962,0,15.599238368637725,0.9170491848880147,0,18.327100065457323,0.9170491848880147,0,14.305931852834089
4.0,1440,59.97482300212373,239,239,3.985005507920164,92.36692089454493,81.38288600232889,92.36692089454493,11.62253172437863,0.1500629689174957,0,110.05960125187285,0.1500629689174957,0,107.8620803208176,0.13338930570444063,0,80.86185246677582
4.0,1441,59.97489121777585,239,239,3.9850009753608893,77.42647300065325,70.60830670365776,73.86720093700067,10.387803972811144,0.11671550973860345,0,45.99729587332201,0.10004186549023153,0,48.07602748515907,0.10004186549023153,0,47.10087419657783
4.0,1442,59.974827648786736,239,239,3.9850051991743385,85.81743922862228,79.99409734310649,66.7868338268656,11.327456947953433,0.11671563344862079,0,59.2700203000445,0.11671563344862079,0,17.65214893963372,0.11671563344862079,0,30.881414542006
4.0,1443,59.975131742559476,239,239,3.98498499387874,81.23591153973615,76.98789135625837,66.35687325434323,8.576876712362342,2.084197172530722,0,7.647110379499272,0.7836581368715514,0,9.85047494552397,0.7002902499703225,0,15.021198664758233
4.0,1444,59.974990759157365,239,239,3.984994361395678,50.8340099295571,49.18365871899087,50.061940293967496,5.259262651585986,2.284285470758192,0,7.764200780481832,2.91788290060353,0,6.703710478136775,3.4847858641493588,0,5.029165566163459
4.0,1445,59.97508926345458,239,239,3.9849878163605013,47.25339057812756,46.0790902863258,47.25339057812756,6.153661818578562,1.3338871351834314,0,21.36384893305503,1.3338871351834314,0,23.716815619615662,0.9837417621977806,0,25.91138370702951
4.0,1446,59.975053195395,239,239,3.9849902128698886,83.38159433721623,76.4472397315735,83.04619868425209,10.78890301784982,0.41683998042572057,0,42.77719991905145,0.25010398825543234,0,51.567216236560164,0.23343038903840352,0,44.161085382563805
4.0,1447,59.97514049869432,239,239,3.9849844120865896,81.89721341451065,78.4676313147461,79.70205488136104,8.056103935239477,0.6836165727847288,0,13.740206005125433,0.9170466220282947,0,11.641652457134196,0.2667771991355039,0,27.550714616911726
4.0,1448,59.974921153627335,239,239,3.98499898628954,66.40461687758344,62.5807993272557,62.90341633228148,9.15797716007916,0.7669872525912922,0,17.861906775034118,1.7340581362933563,0,15.125967494200893,0.4668618059251344,0,48.472274929357596
4.0,1449,59.97496910494516,239,239,3.9849958001944774,75.63886890830787,69.55515764986733,69.74251491455813,10.038959932602465,0.3501460744940754,0,23.493074235886233,0.3501460744940754,0,25.876139555555962,0.21675709373442764,0,68.36572613078864
4.0,1450,59.975020416008995,239,239,3.984992390868854,74.13916690570532,67.03139845590019,67.02473579381251,10.182101866052223,0.06669443331998082,0,66.98896618514864,0.06669443331998082,0,67.26052363590944,0.06669443331998082,0,69.34335171168459
4.0,1451,59.97481856056498,239,239,3.985005803037957,74.19936385103162,64.95312020429262,55.74609841642128,10.573616985256987,0.06669465779143025,0,105.39009458538537,0.06669465779143025,0,106.40810274071531,0.06669465779143025,0,87.00427051155849
4.0,1452,59.97515571726219,239,239,3.9849834009052927,70.04543290946849,63.95247539417164,68.89228451983683,9.627162733803797,0.38349212644695285,0,22.043695853888156,0.3167978435866132,0,17.416148046626585,0.2834507021564434,0,49.38772597599452
4.0,1453,59.97505370382571,239,239,3.984990179087653,38.23791350685693,35.97327509331214,36.625502057549426,4.407250175726285,3.568150202195639,0,5.527477050019678,2.4176718659736807,0,8.368462293560247,1.8507694974005418,0,15.241971280048935
4.0,1454,59.97496301354489,239,239,3.9849962049334433,90.56120790760053,87.11029634643056,90.56120790760053,11.658099336240006,0.25010436432636673,0,103.78246710814174,0.5669032258064313,0,90.11626103769095,0.21675711574951784,0,103.56554341079952
4.0,1455,59.974812479712426,239,239,3.985006207078115,104.32970424569315,101.46090738594552,96.13968923852791,12.729591573570112,0.4668626518752603,0,102.32892417573562,0.2501049920760323,0,110.33960621992678,0.23343132593763016,0,122.23579946435247
4.0,1456,59.97508676543729,239,239,3.984987982338893,62.45901886263692,54.67195701954709,57.66821451962196,9.325897565620254,0.1667358988426315,0,64.91698987704736,0.1667358988426315,0,71.65992663153264,0.1333887190741052,0,96.05324201208343
4.0,1458,59.9725877192867,239,239,3.9851540360186846,81.67813025850883,72.25465976395226,81.67813025850883,11.298018966771513,0.4168571167383561,0,99.42358383520111,0.7836913794681095,0,75.56632370241593,0.7836913794681095,0,93.95363938536563
4.0,1459,59.97211822574547,239,239,3.9851852339175764,91.60052256944563,87.71740735199764,91.60052256944563,11.010435302114933,0.15006973684208447,0,45.276441246026835,0.950441666666535,0,13.693501951205885,0.15006973684208447,0,99.4085427735604
4.0,1460,59.97256829353651,239,239,3.9851553268522935,62.42315810939042,54.632055737244045,57.84889732191636,8.149815760321506,0.9671088240896779,0,9.137042322928002,1.7007775871921922,0,9.244673832135739,0.9671088240896779,0,8.533424663550013
8.0,1430,59.97506051492717,479,239,3.984989726530003,101.26100730441047,82.09279014011682,81.04354510605644,12.517476843332995,0.18340956900347294,0,96.73935687522798,0.30012474927841026,0,78.00733752902086,0.31679834646054417,0,93.2055014101314
8.0,1431,59.97477888632322,479,239,3.985008439180792,87.1304493646118,66.50172076974516,74.2814752878211,10.789644158624347,0.6002523171987804,0,53.60148528515612,0.7169680455429877,0,51.00413291462109,0.21675778121067069,0,50.910784038688064
8.0,1432,59.974782519053534,479,239,3.9850081978049943,111.18471406918472,74.47670521006744,89.37666871585735,11.34704021261062,0.6669469787121329,0,32.37623066620728,0.9670731191325928,0,20.772630726146193,0.38349451275947644,0,106.82622259135394
8.0,1434,59.97497147855449,479,239,3.9849956424816355,106.94602653932782,82.90155988160997,90.22231726092788,11.583814978620739,0.883701962558689,0,63.48124463677265,1.5506468399614732,0,62.9907663775204,0.800333852883341,0,85.44757540944795
8.0,1435,59.975111152656886,479,239,3.9849863619537844,103.77854678324493,88.15171678088689,98.92828072065983,11.901371216610197,0.40016599450581936,0,92.72519179819004,0.40016599450581936,0,107.22157113899404,0.40016599450581936,0,98.96871203061598
8.0,1436,59.9750383050472,479,239,3.9849912022463343,97.58227372119343,67.51961158821794,76.14687594739523,10.638958452466408,0.8837009779039988,0,24.089448100223578,0.8837009779039988,0,22.990504304315607,0.38349287720362213,0,48.91413709757012
8.0,1437,59.97516637867811,479,239,3.9849826925193383,73.29549428049998,68.98257904598766,68.80716498748698,7.025851964009065,0.550227735787189,0,14.148215034792296,0.550227735787189,0,12.612886408166945,0.550227735787189,0,12.998421918481377
8.0,1438,59.97482855160035,479,239,3.9850051391872228,97.84590892438413,59.59196568380235,57.88743439654617,10.1537263751996,0.6002518201286193,0,44.11375055749236,0.9670723768738867,0,40.265845376424934,0.2000839400428731,0,37.76987365913712
8.0,1439,59.97497288732263,479,239,3.9849955488770092,66.5566778003688,64.1953680929661,52.794993995574394,8.064849243945918,0.6002503755630642,0,11.586236518380174,0.6002503755630642,0,10.584636351426258,0.6002503755630642,0,10.78492210039818
8.0,1440,59.97482300212373,479,239,3.985005507920164,92.36692089454493,84.6310101941145,73.37321707730996,10.615192764198442,0.21675762176971602,0,51.101568646414826,1.0337671192094149,0,51.20987512520602,0.3167996010480465,0,35.782762718355904
8.0,1441,59.97489121777585,479,239,3.9850009753608893,77.42647300065325,68.9649670893542,64.40814279963408,9.350905707727835,0.35014652921581035,0,60.776833369193255,0.4835356832027857,0,59.70701686540956,0.33347288496743843,0,62.460363846056595
8.0,1442,59.974827648786736,479,239,3.9850051991743385,85.81743922862228,75.5294377448032,79.99409734310649,11.0003894664184,0.30012591458216775,0,58.802936046510105,0.583578167243104,0,44.62212172335539,1.0004197152738925,0,91.77167327859375
8.0,1443,59.975131742559476,479,239,3.98498499387874,81.23591153973615,73.13759366945442,75.97092943549401,8.231975239281718,0.4501865892666359,0,10.400944401575938,0.9003731785332718,0,11.770655193719245,0.4501865892666359,0,17.054114708759396
8.0,1444,59.974990759157365,479,239,3.984994361395678,50.8340099295571,47.801413408015875,49.18365871899087,5.1758051559748806,0.8336808287438657,0,11.180003010564105,0.8336808287438657,0,11.703583529511937,1.4172574088645717,0,9.420210057687475
8.0,1445,59.97508926345458,479,239,3.9849878163605013,47.25339057812756,44.47402482509793,46.0790902863258,5.727071892656804,1.4506022595119816,0,10.646712665785719,1.4839494378915674,0,8.289835708151443,1.4672758487017745,0,9.731554691873306
8.0,1446,59.975053195395,479,239,3.9849902128698886,83.38159433721623,73.22407726742986,76.4472397315735,10.154038221019931,0.8170063616344123,0,53.726228092934925,0.8336799608514411,0,23.97560690367204,0.46686077807680704,0,56.647856782316005
8.0,1447,59.97514049869432,479,239,3.9849844120865896,81.89721341451065,76.20828726008254,77.27164281946196,7.818842892124448,0.6002486980548838,0,14.564353411563824,0.8003315974065117,0,12.466281596245372,0.8170051723524807,0,18.993671366105556
8.0,1448,59.974921153627335,479,239,3.98499898628954,66.40461687758344,55.561036652343816,59.99671281445587,8.767916177202396,0.3001254466661578,0,11.630877241872104,0.28345181074026016,0,17.215245059693036,0.3001254466661578,0,12.668654791681133
8.0,1449,59.97496910494516,479,239,3.9849958001944774,75.63886890830787,64.52940425243608,65.3092105705728,9.52313106190215,0.21675709373442764,0,48.95120881096619,0.23343071632938361,0,43.626063697209915,0.23343071632938361,0,74.11849580609513
8.0,1450,59.975020416008995,479,239,3.984992390868854,74.13916690570532,62.906879307880864,63.513222861989206,9.655895111922586,0.9337220664797314,0,19.071849899365446,1.1004581497796835,0,10.099819227883447,0.4168402082498801,0,64.15084102219653
8.0,1451,59.97481856056498,479,239,3.985005803037957,74.19936385103162,54.207607452856685,58.9122467782536,9.30259139550444,0.23343130227000586,0,17.53365172862787,0.2501049667178634,0,16.58446842243973,0.3334732889571512,0,78.46579188064051
8.0,1452,59.97515571726219,479,239,3.9849834009052927,70.04543290946849,61.69311098172906,59.08743618906467,9.225048005617971,1.3172120864917076,0,21.354965047594966,1.3338856572067925,0,17.131621935894348,1.0504349550503491,0,34.04691847102263
8.0,1453,59.97505370382571,479,239,3.984990179087653,38.23791350685693,34.55081181356879,35.97327509331214,4.252470653010555,2.0508526863087084,0,7.675688191634981,2.2342622761411945,0,8.370223226564882,1.0671103408435556,0,17.991348297310438
8.0,1454,59.97496301354489,479,239,3.9849962049334433,90.56120790760053,77.90863458652332,85.68274353407969,11.199289322042535,0.5502296015180068,0,35.35071408500772,1.0337647058823158,0,13.71684248454325,0.4168406072106112,0,108.12714948205141
8.0,1455,59.974812479712426,479,239,3.985006207078115,104.32970424569315,82.59559632337746,85.8001402139049,11.197715598741837,0.216757659799228,0,42.6237082104924,0.216757659799228,0,33.874922165229805,0.216757659799228,0,48.42679679152787
8.0,1456,59.97508676543729,479,239,3.984987982338893,62.45901886263692,52.28790930677707,54.67195701954709,8.93466804856343,0.5835756459492103,0,28.998019046978335,0.5835756459492103,0,27.063931882353998,0.23343025837968412,0,34.322320348883686
8.0,1458,59.9725877192867,479,239,3.9851540360186846,81.67813025850883,68.13470444591137,66.16068401626676,10.48455571190901,0.8670628028157807,0,13.56958994761387,0.5002285400860274,0,11.268706712744462,0.46687997074695886,0,86.47598392440432
8.0,1459,59.97211822574547,479,239,3.9851852339175764,91.60052256944563,81.2549436849524,86.34882751638531,10.893662327068933,0.316813888888845,0,42.56514987766641,0.36683713450287314,0,42.031060161521296,0.40018596491222524,0,86.24689063343463
8.0,1460,59.97256829353651,479,239,3.9851553268522935,62.42315810939042,49.558799686887056,53.47111270451163,7.212466920415774,0.46688012197432727,0,24.409911485161505,0.6669716028204675,0,26.919923872032903,0.6502973127499558,0,25.774600825161503
16.0,1430,59.97506051492717,959,239,3.984989726530003,101.26100730441047,73.50320984422633,77.63853498444288,10.756912057817122,0.3834927351890798,0,43.230229064450036,0.4668607210997493,0,20.025788503094308,0.7336382760138918,0,80.90101502585752
16.0,1431,59.97477888632322,959,239,3.985008439180792,87.1304493646118,48.140154646937106,46.527089156652266,8.691677977233683,0.98374685318689,0,43.59258971843372,1.2005046343975607,0,49.80313305399725,0.5835786417210365,0,62.95492124173669
16.0,1432,59.974782519053534,959,239,3.9850081978049943,111.18471406918472,60.78666522351038,62.43234062209062,9.762160003647343,0.8336837233901662,0,18.13826132118015,1.5673253999735124,0,5.593781917143351,0.4835365595662964,0,53.374709935697744
16.0,1434,59.97497147855449,959,239,3.9849956424816355,106.94602653932782,71.28607917964642,77.88587346020498,9.301498898451818,0.7336393651430626,0,31.496340719112673,0.7336393651430626,0,31.20805761885986,0.7503129870781322,0,31.1318519363905
16.0,1435,59.975111152656886,959,239,3.9849863619537844,103.77854678324493,70.10119172836364,74.66765603131554,10.721698951252009,0.0833679155220457,0,59.50027865205227,0.0833679155220457,0,64.48530747889306,0.0833679155220457,0,59.44983306556755
16.0,1436,59.9750383050472,959,239,3.9849912022463343,97.58227372119343,57.10112452833702,61.06591507675672,9.439924206775409,0.8837009779039988,0,11.789325161177011,0.5502289107704144,0,19.81907667184039,1.200499441680904,0,58.00159757819748
16.0,1437,59.97516637867811,959,239,3.9849826925193383,73.29549428049998,64.60815608540885,64.27607077957298,6.700525351510631,1.2505175813345204,0,18.047495852541957,1.3005382845879012,0,14.736285606002248,1.333885420090155,0,13.263096149584271
16.0,1438,59.97482855160035,959,239,3.9850051391872228,97.84590892438413,49.55923465208754,53.70302855289415,8.828349631658595,0.5669044967881405,0,9.152805136305929,0.2501049250535914,0,7.47508541550051,1.3005456102786752,0,14.005866638262942
16.0,1439,59.97497288732263,959,239,3.9849955488770092,66.5566778003688,60.16490098225637,52.564941554220994,7.479941688000918,2.0175082067536323,0,9.73826627210857,1.3839105881037312,0,12.07250045987765,1.3672369665603128,0,11.480094703593359
16.0,1440,59.97482300212373,959,239,3.985005507920164,92.36692089454493,68.34673136110891,67.3472910443864,10.619553656324314,1.0004197927833047,0,20.10773332309767,0.8336831606527539,0,8.00748300197173,0.4668625699655422,0,11.379097389932427
16.0,1441,59.97489121777585,959,239,3.9850009753608893,77.42647300065325,63.771016856846956,54.98911224385684,7.997519082985916,0.850355856666968,0,29.600250526428802,0.8670295009153399,0,27.446830145747917,0.8670295009153399,0,28.992664454471853
16.0,1442,59.974827648786736,959,239,3.9850051991743385,85.81743922862228,64.94816309056569,67.98247678989259,8.90786543666872,1.017093377195124,0,9.122643480462486,1.0004197152738925,0,11.204096016983383,0.983746053352661,0,11.018553447642473
16.0,1443,59.975131742559476,959,239,3.98498499387874,81.23591153973615,67.9636398738252,69.82965424815286,7.809128726023844,2.0175028630097387,0,9.658844070688085,1.333886190419662,0,11.716541113885384,1.3172126130394162,0,13.715239613360696
16.0,1444,59.974990759157365,959,239,3.984994361395678,50.8340099295571,45.65484402408316,46.685858769577706,5.067217424297971,2.184243771308928,0,8.9590383217048,2.7344731182798796,0,8.878046440916124,1.750729740362118,0,6.7982269977476175
16.0,1445,59.97508926345458,959,239,3.9849878163605013,47.25339057812756,43.27789173316944,41.5670705110809,5.286976271076614,1.850768400067011,0,13.121140164171278,1.9007891676363897,0,14.52959815569432,1.2838663676140527,0,18.659999822675832
16.0,1446,59.975053195395,959,239,3.9849902128698886,83.38159433721623,66.60709131027244,68.07717081323975,8.3896918528022,0.48353437729383586,0,11.071978657205415,0.5002079765108647,0,12.732770850155296,0.7169647663322394,0,12.755257258572346
16.0,1447,59.97514049869432,959,239,3.9849844120865896,81.89721341451065,72.07337792665658,72.67587287089178,7.378705851155255,1.1504766712718606,0,16.792907833529537,1.1504766712718606,0,15.96148849824971,1.1338030963258916,0,16.597832309652034
16.0,1448,59.974921153627335,959,239,3.98499898628954,66.40461687758344,53.49093537106356,52.56349623117735,7.934676406523599,2.1008781266631047,0,7.604771152792289,2.1008781266631047,0,8.041843874259603,2.1175517625890024,0,8.043972478894771
16.0,1449,59.97496910494516,959,239,3.9849958001944774,75.63886890830787,56.06472093770141,52.730115550567795,8.652916997548974,0.20008347113947167,0,48.79203481700117,0.20008347113947167,0,50.21780846567988,0.20008347113947167,0,49.52333457395982
16.0,1450,59.975020416008995,959,239,3.984992390868854,74.13916690570532,57.121590285282515,59.95363955808522,8.475767479968482,1.0004164997997123,0,13.180726142212668,0.7669859831797794,0,10.377462027598984,0.9670692831397218,0,14.12964290072854
16.0,1451,59.97481856056498,959,239,3.985005803037957,74.19936385103162,47.80638078212245,51.43592709635798,8.487767748277495,0.2501049667178634,0,9.146936954602083,0.8837042157364507,0,7.680149093651844,2.167576378221483,0,11.619467981587142
16.0,1452,59.97515571726219,959,239,3.9849834009052927,70.04543290946849,56.1912174351907,51.234412918309886,8.2783680185063,0.7002899700335661,0,35.70897172243642,1.6840306422235756,0,25.953176023012094,0.6836163993184812,0,38.47060461550907
16.0,1453,59.97505370382571,959,239,3.984990179087653,38.23791350685693,33.360101200326795,32.532265157170166,3.8445040836891464,2.034179087233028,0,6.4820736641393895,2.517713460427764,0,7.551576411328724,2.5010398613520834,0,8.983286242259307
16.0,1454,59.97496301354489,959,239,3.9849962049334433,90.56120790760053,72.36680638652436,71.87258172067148,10.361938457709519,0.6169240986717046,0,60.992016122944236,0.6169240986717046,0,11.369310175635627,0.9503965844401936,0,40.99796566244308
16.0,1455,59.974812479712426,959,239,3.985006207078115,104.32970424569315,73.13169576854688,75.19395606990189,11.171057556673162,0.433515319598456,0,49.17896153594469,1.3172196249337702,0,21.88570195353531,0.3668206550448474,0,97.55861828925698
16.0,1456,59.97508676543729,959,239,3.984987982338893,62.45901886263692,47.43336357843161,49.2906431597408,8.231449389081659,2.417670533218157,0,9.50141315033614,0.5002076965278945,0,6.715210023497067,3.6681897745378933,0,5.452204522810738
16.0,1458,59.9725877192867,959,239,3.9851540360186846,81.67813025850883,57.71710760990525,58.41879184952671,9.45295615512664,0.6669713867813698,0,32.229290798243184,0.3668342627297534,0,34.82917527911488,0.35015997806021915,0,44.69703302348986
16.0,1459,59.97211822574547,959,239,3.9851852339175764,91.60052256944563,72.37107269897339,76.7047140966812,10.780842490011617,0.8337207602338026,0,19.658436966985512,1.5673950292395489,0,13.699383155326036,1.3506276315787602,0,67.04880918013394
16.0,1460,59.97256829353651,959,239,3.9851553268522935,62.42315810939042,40.92610182626333,37.47658088733624,5.713821157389219,2.2843777396601013,0,13.888826006257881,2.251029159519078,0,16.809175244309134,1.6340804269101454,0,21.625813816018454
32.0,1430,59.97506051492717,1919,239,3.984989726530003,101.26100730441047,57.57934903315852,57.207283499483495,8.165381474202515,0.4335135267354815,0,41.84072295696446,0.4501871239176154,0,37.288882728278026,0.4501871239176154,0,34.16247187811932
32.0,1431,59.97477888632322,1919,239,3.985008439180792,87.1304493646118,34.15422257320449,35.643853248298434,6.888601465582192,1.9341463554182923,0,9.008384102093538,1.9341463554182923,0,10.113348145372818,3.985008439180792,1,2.5457478049761235
32.0,1432,59.974782519053534,1919,239,3.9850081978049943,111.18471406918472,50.36433586991324,49.98804478908179,7.946411583443747,0.7336416765833462,0,27.249008755301602,0.7336416765833462,0,23.501992161859402,0.7336416765833462,0,27.929984354823763
32.0,1434,59.97497147855449,1919,239,3.9849956424816355,106.94602653932782,65.21707137928567,56.33032406513577,7.670147684514744,0.9503964502989675,0,11.229579547858812,0.9337228283638979,0,12.894429932779143,0.9337228283638979,0,12.201045257136972
32.0,1435,59.975111152656886,1919,239,3.9849863619537844,103.77854678324493,60.77194766712711,60.24582699964191,8.108305193402543,1.0504357355777758,0,12.735327024175282,0.8170055721160479,0,10.666932337534458,1.0504357355777758,0,9.839298173961973
32.0,1436,59.9750383050472,1919,239,3.9849912022463343,97.58227372119343,45.17865833378921,47.79108797337584,7.730441669044534,1.350561871891017,0,7.88483397203614,1.3672354752476963,0,7.864093798719488,1.350561871891017,0,14.82709112456118
32.0,1437,59.97516637867811,1919,239,3.9849826925193383,73.29549428049998,57.462336897836316,58.9252525835616,5.932459365808792,1.1504761748277588,0,14.571615321104938,1.7173774783660747,0,12.983609822545132,1.7340510461172016,0,11.173374191120837
32.0,1438,59.97482855160035,1919,239,3.9850051391872228,97.84590892438413,41.34800328415911,42.01096057524355,7.106591047752236,0.6002518201286193,0,16.040694300785102,0.6335991434690982,0,10.172658106959881,1.2338509635977175,0,14.597678804158512
32.0,1439,59.97497288732263,1919,239,3.9849955488770092,66.5566778003688,54.9990307037864,50.03609072414427,6.626487519764459,1.8674456128628663,0,11.01601460409945,1.9007928559497032,0,8.55616058503772,2.484369609969349,0,7.85141956974572
32.0,1440,59.97482300212373,1919,239,3.985005507920164,92.36692089454493,51.79743281467795,56.19860808653452,9.219338749777176,2.6344387876627025,0,4.894265449374728,1.0837881088485801,0,8.696131846919366,0.5002098963916524,0,9.837356137956546
32.0,1441,59.97489121777585,1919,239,3.9850009753608893,77.42647300065325,43.18951489194669,43.82305557168661,5.768881121787447,1.467280693856729,0,14.276785151078412,1.483954338105101,0,15.458211949549998,1.3005442513730099,0,22.29792012100884
32.0,1442,59.974827648786736,1919,239,3.9850051991743385,85.81743922862228,54.905875791929006,57.78531848672257,7.490698374163435,0.5502308434006409,0,33.796508441185765,0.5335571814794093,0,33.96312871340155,0.5335571814794093,0,36.21686636592353
32.0,1443,59.975131742559476,1919,239,3.98498499387874,81.23591153973615,62.577559896948,63.20716462758114,6.7747044544322925,1.917461398728264,0,11.633252386145413,1.2838654582789246,0,13.255976677737646,1.3005390356591704,0,12.00950403132255
32.0,1444,59.974990759157365,1919,239,3.984994361395678,50.8340099295571,41.91576407463725,42.38320215880761,4.6201971394514825,3.4180913978498495,0,4.493539023727228,2.9345565171784074,0,7.1197848890645075,1.4005837922896944,0,8.997674265560295
32.0,1445,59.97508926345458,1919,239,3.9849878163605013,47.25339057812756,39.38647106983624,39.43175005934187,4.602187298828817,1.9674835243955613,0,9.219558368137033,1.9841571135853542,0,9.064305764492396,1.4172550811323958,0,14.020403538236602
32.0,1446,59.975053195395,1919,239,3.9849902128698886,83.38159433721623,56.774819338209824,46.73207240486431,7.390391632703761,0.8003327624173835,0,8.649096328241608,1.3005407389282482,0,8.860017344592585,0.8003327624173835,0,10.693658126089842
32.0,1447,59.97514049869432,1919,239,3.9849844120865896,81.89721341451065,64.69183146439828,64.2472824724791,6.637674659988649,1.1171295213799226,0,16.759106333651793,1.1838238211637986,0,13.979201015921653,1.7507253693267444,0,12.051902189124034
32.0,1448,59.974921153627335,1919,239,3.98499898628954,66.40461687758344,36.444098687186354,43.71134673871193,5.944027660416246,2.7511499277731133,0,5.143132977683569,2.717802655921318,0,10.493794181236439,1.4172590537013008,0,26.69841975060685
32.0,1449,59.97496910494516,1919,239,3.9849958001944774,75.63886890830787,44.70686967206303,47.05082831606791,6.638085010253112,1.2838689398116099,0,12.025285531150095,1.267195317216654,0,17.388213243246614,0.8170075071528426,0,26.610042409676854
32.0,1450,59.975020416008995,1919,239,3.984992390868854,74.13916690570532,44.59844140054752,40.018613536071605,6.086085031351412,1.5673191830195492,0,10.098386506113112,1.6173400080095348,0,9.534157479370199,0.983742891469717,0,20.414674493064414
32.0,1451,59.97481856056498,1919,239,3.985005803037957,74.19936385103162,42.42480750282421,40.84863226229289,7.2109005059787465,0.1667366444785756,0,48.21483118707929,0.1667366444785756,0,46.05190970334827,0.1667366444785756,0,44.621684569015436
32.0,1452,59.97515571726219,1919,239,3.9849834009052927,70.04543290946849,45.047020706426224,47.773322386142034,6.700531634683018,1.4839477936425567,0,21.62915037094895,0.7669842528939057,0,29.179572860086427,0.7503106821788208,0,33.49767289317987
32.0,1453,59.97505370382571,1919,239,3.984990179087653,38.23791350685693,31.33372344827401,30.648428958173014,3.3378400520699074,3.5848238012713196,0,4.659474245805459,2.3176302715195973,0,7.895124371563831,2.3509774696709584,0,8.282019503855505
32.0,1454,59.97496301354489,1919,239,3.9849962049334433,90.56120790760053,60.37481496938252,61.665485116066904,8.668573766295305,0.9337229601517691,0,14.683606126813793,0.9337229601517691,0,10.09626030988566,0.9337229601517691,0,9.588335839451007
32.0,1455,59.974812479712426,1919,239,3.985006207078115,104.32970424569315,54.81004413973373,57.34201688660365,8.96067823294178,0.13338932910721724,0,58.03060680293638,0.13338932910721724,0,58.845830429638994,0.13338932910721724,0,58.15665055858088
32.0,1456,59.97508676543729,1919,239,3.984987982338893,62.45901886263692,40.37895287738694,42.237220616273845,6.921286489870861,1.3672343705095784,0,8.33750124349153,1.3672343705095784,0,7.848134833120728,1.884115656921736,0,14.136458192827941
32.0,1458,59.9725877192867,1919,239,3.9851540360186846,81.67813025850883,46.05179821890489,44.404079495046105,8.065740761911133,0.20009141603441094,0,42.95183771175562,0.20009141603441094,0,45.32669719677988,0.21676570070394519,0,42.42337019780621
32.0,1459,59.97211822574547,1919,239,3.9851852339175764,91.60052256944563,54.22825204115044,55.082312693308324,8.709615738931987,0.5335812865496337,0,17.928638734967937,0.8670695906431547,0,14.73745598154118,0.8170463450291265,0,36.81588613426293
32.0,1460,59.97256829353651,1919,239,3.9851553268522935,62.42315810939042,36.04542270094273,36.77210428321749,4.67010631466416,1.9842405183908909,0,10.55037931935696,1.9842405183908909,0,13.099368290345582,1.3506174957114467,0,19.52040685489432
64.0,1430,59.97506051492717,3838,239,3.984989726530003,101.26100730441047,36.12851319639911,36.600047482154544,4.761909745824429,3.2013306589697095,0,6.187095801998164,2.5510603688664872,0,10.740219299696891,1.9674844674918006,0,16.382774628004842
64.0,1431,59.97477888632322,3838,239,3.985008439180792,87.1304493646118,19.966180218438467,21.014040439111177,3.897258754553571,1.66736754777439,0,7.0341992506510955,3.985008439180792,1,3.7178212545089018,0.8003364229317071,0,27.05715481340854
64.0,1432,59.974782519053534,3838,239,3.9850081978049943,111.18471406918472,32.21010463268762,26.48927242849947,4.7734640304603735,3.9850081978049943,1,2.485214826660797,1.750735819119349,0,7.807315386744125,1.0671151659394127,0,24.276136194387327
64.0,1434,59.97497147855449,3838,239,3.9849956424816355,106.94602653932782,51.752823421902704,50.84366115714541,6.3764959269996195,2.5177169121955103,0,8.928622489980159,1.8507720347927261,0,12.129045161220274,1.8841192786628653,0,9.614363049974653
64.0,1435,59.975111152656886,3838,239,3.9849863619537844,103.77854678324493,40.25577494812196,38.795455448103155,5.896659843678573,3.0179185418980543,0,7.092169860428891,2.384322383930507,0,8.845222202739112,1.9341356401114602,0,11.36587849672551
64.0,1436,59.9750383050472,3838,239,3.9849912022463343,97.58227372119343,26.436766544823303,27.35387318245782,4.527724573597328,1.2838674584643002,0,8.840338787838638,3.951643995532976,0,4.821001010319455,0.8336801678339611,0,27.385512825621056
64.0,1437,59.97516637867811,3838,239,3.9849826925193383,73.29549428049998,47.35016543302263,46.943090184259226,5.174960380985219,1.8007453171217094,0,11.069641606417557,1.8174188848728363,0,9.966513750144578,2.8678536531938335,0,6.970252361109263
64.0,1438,59.97482855160035,3838,239,3.9850051391872228,97.84590892438413,26.06297108008553,25.03450059585278,4.510006266901638,3.2013430406859698,0,6.035947297664232,2.7678278372597447,0,6.309487485313122,1.2005036402572387,0,26.610770241551844
64.0,1439,59.97497288732263,3838,239,3.9849955488770092,66.5566778003688,42.37166529603098,45.657957737096474,5.274686910791051,2.2842861514483275,0,5.990199545397761,1.9508137205799585,0,8.758126344123694,1.8007511266891925,0,8.774316070460191
64.0,1440,59.97482300212373,3838,239,3.985005507920164,92.36692089454493,39.50825584439506,40.44729336870057,6.771283832235388,1.7173873109446731,0,15.202915214304719,1.7173873109446731,0,16.502321869334278,1.4506086995357919,0,18.606796665580088
64.0,1441,59.97489121777585,3838,239,3.9850009753608893,77.42647300065325,37.271122734607964,37.25095334816227,4.304384235252932,2.100879175294862,0,8.806671846494142,2.16757375228835,0,8.102727559091914,1.3505651841181257,0,12.843678077442403
64.0,1442,59.974827648786736,3838,239,3.9850051991743385,85.81743922862228,39.41589200246686,45.556678676887486,5.693597090463491,1.9841657686265535,0,6.5867241009851005,1.417261263304681,0,11.972050263159295,0.8336830960615771,0,21.222063195200548
64.0,1443,59.975131742559476,3838,239,3.98498499387874,81.23591153973615,50.74606090841455,52.406183397184904,5.640897444605342,2.134217904671459,0,9.366357730604438,2.150891482051705,0,9.621971397524993,2.6844459582195697,0,8.253260776162
64.0,1444,59.974990759157365,3838,239,3.984994361395678,50.8340099295571,34.170350144927895,34.308280207140626,4.043453902301954,2.5177161028064745,0,4.829601704242526,2.0508548387099097,0,8.232558778061541,1.0337642276423935,0,12.835128928869407
64.0,1445,59.97508926345458,3838,239,3.9849878163605013,47.25339057812756,34.20767352805832,34.88551203164667,3.762294274408523,2.5677327352281054,0,6.845409066207693,2.000830702775147,0,7.724571852513433,1.9508099352057684,0,10.185303682647842
64.0,1446,59.975053195395,3838,239,3.9849902128698886,83.38159433721623,46.433646273778415,41.02062243516364,5.8876641204775275,1.0504367506728158,0,14.351061970713461,1.9341375091753434,0,9.259545082966172,2.2175886958648334,0,6.618912689489862
64.0,1447,59.97514049869432,3838,239,3.9849844120865896,81.89721341451065,51.76881936033065,53.50197780447238,5.5335436735316765,1.3672331455694575,0,11.553916477354155,1.3672331455694575,0,11.402181412992311,1.3839067205154265,0,9.770418534272187
64.0,1448,59.974921153627335,3838,239,3.98499898628954,66.40461687758344,32.74699393416286,35.23060125378789,4.7108105378410645,1.4172590537013008,0,7.367659720699332,2.867865379254397,0,5.162626643337634,1.650689956663868,0,16.56437790649361
64.0,1449,59.97496910494516,3838,239,3.9849958001944774,75.63886890830787,30.659857472705554,27.569789886100395,3.8640607043186552,3.9849958001944774,1,3.8954791684099126,3.017925689687031,0,6.67532749471467,3.1679882930416348,0,6.667806089566435
64.0,1450,59.975020416008995,3838,239,3.984992390868854,74.13916690570532,37.13737147233444,34.56347790937116,5.108768447993775,3.984992390868854,1,2.867800597698529,1.7674024829794917,0,8.506619073398854,1.1171317581096787,0,19.577664192133355
64.0,1451,59.97481856056498,3838,239,3.985005803037957,74.19936385103162,26.38284609268443,24.51781965421764,4.062738037054709,0.8003358934971629,0,8.941414842196673,3.985005803037957,1,2.850374911961827,0.7836622290493054,0,25.254167897213325
64.0,1452,59.97515571726219,3838,239,3.9849834009052927,70.04543290946849,34.50150633111371,34.34349659029414,4.737424604445333,2.1842377636761228,0,5.728904458119024,3.251346289441557,0,5.061049386651914,1.1171292379106887,0,20.821266340948316
64.0,1453,59.97505370382571,3838,239,3.984990179087653,38.23791350685693,27.85749002931942,27.763468910604846,2.8036303998915657,3.1012894280765835,0,4.965200523181809,2.5677342576548057,0,7.392618252507984,2.400998266898,0,6.933730321244988
64.0,1454,59.97496301354489,3838,239,3.9849962049334433,90.56120790760053,35.00141019174077,36.47891875627797,4.935221031438655,1.967487666034085,0,8.525672651257068,2.2009184060720273,0,12.699224524822505,1.000417457305467,0,22.26086204704599
64.0,1455,59.974812479712426,3838,239,3.985006207078115,104.32970424569315,35.750381631564345,37.193337892762834,5.669585615731731,0.650272979397684,0,23.32212052716132,0.6335993132592819,0,28.901533818138088,0.6335993132592819,0,34.136679676691216
64.0,1456,59.97508676543729,3838,239,3.984987982338893,62.45901886263692,28.27816670745441,24.291824760825584,4.337895183294854,1.4672759098151573,0,6.1845633212243465,3.984987982338893,1,3.372293763385665,1.200498471666947,0,22.193970126647272
64.0,1458,59.9725877192867,3838,239,3.9851540360186846,81.67813025850883,25.44974493021043,29.374783393304014,4.702243615521097,2.734582685803616,0,8.204207320563091,1.9508913063355067,0,10.091989492613058,1.1005027881892602,0,24.97304262621656
64.0,1459,59.97211822574547,3838,239,3.9851852339175764,91.60052256944563,34.744727378601645,35.5263667549162,5.362560468792148,2.8013017543855767,0,5.205305651256823,1.26725555555538,0,13.561156143348466,0.9837904970758871,0,27.928605135896863
64.0,1460,59.97256829353651,3838,239,3.9851553268522935,62.42315810939042,30.283580045180138,30.096967070377445,3.2921972406224884,3.0180465027626155,0,5.242968261535306,2.401097770153683,0,7.81764233728967,3.0347207928331272,0,6.772117591652312
